<configs>

  <append xpath="/windows">

    <window name="windowToolsWoodGrill" width="228" height="121" panel="Right" cursor_area="true" >

      <panel style="header.panel">
        <sprite style="header.icon" sprite="ui_game_symbol_cookware"/>
        <label style="header.name" text="WOOD GRILL" text_key="WOOD GRILL" />
      </panel>

      <rect name="content" depth="0" pos="0,-46" height="75" disablefallthrough="true" on_press="true">

        <grid name="inventory" rows="1" cols="3" pos="3,-3" cell_width="75" cell_height="75" controller="WorkstationToolGrid" repeat_content="true" allow_sort_order="false" required_tools="Tongs,Spatula,Ceramic Dutch Oven" required_tools_only="true">
          <required_item_stack name="0"/>
        </grid>

      </rect>
    </window>

  </append>
</configs>
