<configs>

  <append xpath="/windows">

    <window name="windowToolsWoodGrill" width="228" height="121" panel="Right" cursor_area="true" >
      <panel style="header.panel">
        <sprite style="header.icon" sprite="ui_game_symbol_cookware"/>
        <label style="header.name" text="WOOD GRILL" text_key="WOOD GRILL" />
      </panel>

      <rect name="content" depth="0" pos="0,-46" height="75" disablefallthrough="true" on_press="true">
        <grid name="inventory" rows="1" cols="3" pos="3,-3" cell_width="75" cell_height="75" controller="WorkstationToolGrid" repeat_content="true" allow_sort_order="false" required_tools="Tongs,Spatula,Ceramic Dutch Oven" required_tools_only="true">
          <required_item_stack name="0"/>
        </grid>
      </rect>
    </window>

    <window name="windowToolsKitchenAid" width="228" height="196" panel="Right" cursor_area="true" >
      <panel style="header.panel">
        <sprite style="header.icon" sprite="ui_game_symbol_cookware"/>
        <label style="header.name" text="KITCHNAID" text_key="KITCHNAID" />
      </panel>

      <rect name="content" depth="0" pos="0,-46" height="150" disablefallthrough="true" on_press="true">
        <grid name="inventory" rows="2" cols="3" pos="3,-3" cell_width="75" cell_height="75" controller="WorkstationToolGrid" repeat_content="true" allow_sort_order="false" required_tools="Dough Hook,Veggie Attachment,Ice Cream Bowl,Meat Grinder,Grain Miller,Pasta Helper" required_tools_only="true">
          <required_item_stack name="0"/>
        </grid>
      </rect>
    </window>

    <window name="windowToolsGasCooktop" width="228" height="121" panel="Right" cursor_area="true" >
      <panel style="header.panel">
        <sprite style="header.icon" sprite="ui_game_symbol_cookware"/>
        <label style="header.name" text="COOKTOP" text_key="COOKTOP" />
      </panel>

      <rect name="content" depth="0" pos="0,-46" height="75" disablefallthrough="true" on_press="true">
        <grid name="inventory" rows="1" cols="3" pos="3,-3" cell_width="75" cell_height="75" controller="WorkstationToolGrid" repeat_content="true" allow_sort_order="false" required_tools="toolCookingPot,Frying Pan,Wok" required_tools_only="true">
          <required_item_stack name="0"/>
        </grid>
      </rect>
    </window>

    <window name="windowToolsGasOven" width="228" height="121" panel="Right" cursor_area="true" >
      <panel style="header.panel">
        <sprite style="header.icon" sprite="ui_game_symbol_cookware"/>
        <label style="header.name" text="OVEN" text_key="OVEN" />
      </panel>

      <rect name="content" depth="0" pos="0,-46" height="75" disablefallthrough="true" on_press="true">
        <grid name="inventory" rows="1" cols="3" pos="3,-3" cell_width="75" cell_height="75" controller="WorkstationToolGrid" repeat_content="true" allow_sort_order="false" required_tools="Baking Sheet,Pizza Stone,PyreX Bakeware" required_tools_only="true">
          <required_item_stack name="0"/>
        </grid>
      </rect>
    </window>

    <window name="windowToolsSmoker" width="228" height="121" panel="Right" cursor_area="true" >
      <panel style="header.panel">
        <sprite style="header.icon" sprite="ui_game_symbol_cookware"/>
        <label style="header.name" text="SMOKER" text_key="SMOKER" />
      </panel>

      <rect name="content" depth="0" pos="0,-46" height="75" disablefallthrough="true" on_press="true">
        <grid name="inventory" rows="1" cols="3" pos="3,-3" cell_width="75" cell_height="75" controller="WorkstationToolGrid" repeat_content="true" allow_sort_order="false" required_tools="Smoker Mat,Meat Hanger,Turkey Rack" required_tools_only="true">
          <required_item_stack name="0"/>
        </grid>
      </rect>
    </window>

    <window name="windowToolsBrewStation" width="228" height="271" panel="Right" cursor_area="true" >
      <panel style="header.panel">
        <sprite style="header.icon" sprite="ui_game_symbol_cookware"/>
        <label style="header.name" text="BREW" text_key="BREW" />
      </panel>

      <rect name="content" depth="0" pos="0,-46" height="225" disablefallthrough="true" on_press="true">
        <grid name="inventory" rows="3" cols="3" pos="3,-3" cell_width="75" cell_height="75" controller="WorkstationToolGrid" repeat_content="true" allow_sort_order="false" required_tools="Carboy,Wine Tank,Spirits Vat,Wine Filter,Oak Barrel,Aged Oak Barrel,Floor Corker,Bottle Capper,Mixing Cask" required_tools_only="true">
          <required_item_stack name="0"/>
        </grid>
      </rect>
    </window>

    <window name="windowToolsBrewCooker" width="228" height="121" panel="Right" cursor_area="true" >
      <panel style="header.panel">
        <sprite style="header.icon" sprite="ui_game_symbol_cookware"/>
        <label style="header.name" text="COOKER" text_key="COOKER" />
      </panel>

      <rect name="content" depth="0" pos="0,-46" height="75" disablefallthrough="true" on_press="true">
        <grid name="inventory" rows="1" cols="3" pos="3,-3" cell_width="75" cell_height="75" controller="WorkstationToolGrid" repeat_content="true" allow_sort_order="false" required_tools="Masher,Boiler,Still" required_tools_only="true">
          <required_item_stack name="0"/>
        </grid>
      </rect>
    </window>



  </append>
</configs>
