Icarus-2:Configs logancautrell$ grep -ir "<buff name=" ./*
./buffs.xml:	<buff name="bufftest1" icon="ui_game_symbol_infection">
./buffs.xml:	<buff name="god" name_key="buffGodModeName" description_key="buffGodModeDesc" tooltip_key="buffGodModeTooltip" icon="ui_game_symbol_add" icon_color="132,0,155">
./buffs.xml:	<buff name="maxedout" icon="ui_game_symbol_perk" icon_color="132,0,155">
./buffs.xml:	<buff name="buffme" icon="ui_game_symbol_perk" icon_color="132,0,155">
./buffs.xml:	<buff name="nerfme" icon="ui_game_symbol_perk" icon_color="255,0,0">
./buffs.xml:	<buff name="messmeup" icon="ui_game_symbol_perk" icon_color="255,0,0">
./buffs.xml:	<buff name="pegasus" icon="ui_game_symbol_agility" icon_color="132,0,155">
./buffs.xml:	<buff name="buffDrunk1" name_key="beers" description_key="drunkDesc" tooltip_key="drunkTooltip" icon="ui_game_symbol_beer">
./buffs.xml:	<buff name="buffStatusCheck" hidden="true" remove_on_death="false">
./buffs.xml:	<buff name="buffPerkAbilityUpdate" hidden="true" remove_on_death="false">
./buffs.xml:	<buff name="buffCrouching" hidden="true">
./buffs.xml:	<buff name="buffHarvest" tooltip_key="buffHarvestTooltip" hidden="true" remove_on_death="false">
./buffs.xml:	<buff name="buffNewbieCoat" name_key="buffNewbieCoatName" description_key="buffNewbieCoatDesc" icon="ui_game_symbol_light_armor" remove_on_death="false">
./buffs.xml:	<buff name="buffNewbieCoatReset"><duration value="0.5"/>
./buffs.xml:	<buff name="buffPerkStayDown" name_key="buffPerkStayDownName" description_key="buffPerkStayDownDesc" icon="ui_game_symbol_stunned">
./buffs.xml:	<buff name="buffPerkStayDownBonus" name_key="buffPerkStayDownBonusName" description_key="buffPerkStayDownBonusDesc" icon="ui_game_symbol_stunned" icon_color="0,255,0" icon_blink="true">
./buffs.xml:	<buff name="buffPerkStayDownBonusHack1" hidden="true">
./buffs.xml:	<buff name="buffPerkStayDownBonusHack2" hidden="true">
./buffs.xml:	<buff name="buffPerkGunslinger" name_key="buffPerkGunslingerName" description_key="buffPerkGunslingerDesc" icon="ui_game_symbol_gunslinger">
./buffs.xml:	<buff name="buffPerkGunslingerBonus" name_key="buffPerkGunslingerBonusName" description_key="buffPerkGunslingerBonusDesc" icon="ui_game_symbol_gunslinger" icon_color="0,255,0" icon_blink="true">
./buffs.xml:	<buff name="buffPerkGunslingerBonusHack1" hidden="true">
./buffs.xml:	<buff name="buffPerkGunslingerBonusHack2" hidden="true">
./buffs.xml:	<buff name="buffPerkPain" name_key="buffPerkPainName" description_key="buffPerkPainDesc" icon="ui_game_symbol_boxer">
./buffs.xml:	<buff name="buffPerkKillStreak" name_key="buffPerkKillStreakName" description_key="buffPerkKillStreakDesc" tooltip_key="buffPerkKillStreakTooltip" icon="ui_game_symbol_map_cursor" icon_color="0,255,0" icon_blink="true">
./buffs.xml:	<buff name="buffPerkKillStreakCleanup" hidden="true">
./buffs.xml:	<buff name="buffPerkCharismaticNature" name_key="perkCharismaticNatureName" description_key="buffPerkCharismaticNatureDesc" icon="ui_game_symbol_talk" icon_color="0,255,0" icon_blink="false" hidden="false">
./buffs.xml:	<buff name="buffPerkCharismaticNature" tooltip_key="buffPerkCharismaticNatureTooltip" icon="ui_game_symbol_talk">
./buffs.xml:	<buff name="buffPerkParkour" name_key="buffPerkParkourName" description_key="buffPerkParkourDesc" icon="ui_game_symbol_parkour">
./buffs.xml:	<buff name="buffInjuryBleeding" name_key="buffInjuryBleedingName" description_key="buffInjuryBleedingDesc" tooltip_key="buffInjuryBleedingTooltip" icon="ui_game_symbol_critical" icon_color="255,0,0" icon_blink="true">
./buffs.xml:	<buff name="buffPlayerFallingDamage" name_key="buffInjuryBleedingName" description_key="buffInjuryBleedingDesc" icon="ui_game_symbol_critical" icon_color="255,0,0" hidden="true">
./buffs.xml:	<buff name="buffLegSprained" name_key="buffLegSprainedName" description_key="buffLegSprainedDesc" tooltip_key="buffLegSprainedTooltip" icon="ui_game_symbol_brokenbone" icon_color="255,128,0">
./buffs.xml:	<buff name="buffLegBroken" name_key="buffLegBrokenName" description_key="buffLegBrokenDesc" tooltip_key="buffLegBrokenTooltip" icon="ui_game_symbol_brokenbone" icon_color="255,0,0">
./buffs.xml:	<buff name="buffLegSplinted" name_key="buffLegSplintedName" description_key="buffLegSplintedDesc" tooltip_key="buffLegSplintedTooltip" icon="ui_game_symbol_splint">
./buffs.xml:	<buff name="buffLegCast" name_key="buffLegCastName" description_key="buffLegCastDesc" icon="ui_game_symbol_splint">
./buffs.xml:	<buff name="buffArmSprained" name_key="buffArmSprainedName" description_key="buffArmSprainedDesc" tooltip_key="buffArmSprainedTooltip" icon="ui_game_symbol_brokenbone">
./buffs.xml:	<buff name="buffArmBroken" name_key="buffArmBrokenName" description_key="buffArmBrokenDesc" tooltip_key="buffArmBrokenTooltip" icon="ui_game_symbol_brokenbone">
./buffs.xml:	<buff name="buffArmSplinted" name_key="buffArmSplintedName" description_key="buffArmSplintedDesc" icon="ui_game_symbol_splintarm">
./buffs.xml:	<buff name="buffArmCast" name_key="buffArmCastName" description_key="buffArmCastDesc" icon="ui_game_symbol_splintarm">
./buffs.xml:	<buff name="buffInjuryStunned1" name_key="buffInjuryStunned1Name" description_key="buffInjuryStunned1NameDesc" tooltip_key="buffInjuryStunned1NameDescTooltip" icon="ui_game_symbol_stunned">
./buffs.xml:	<buff name="buffInjuryStunned2" name_key="buffInjuryStunned1Name" description_key="buffInjuryStunned1NameDesc" tooltip_key="buffInjuryStunned1NameDescTooltip" icon="ui_game_symbol_stunned">
./buffs.xml:	<buff name="buffInjuryStunned1Cooldown" hidden="true"> <duration value="3" /> <stack_type value="ignore" /> </buff>
./buffs.xml:	<buff name="buffInjuryCrippled1" name_key="buffInjuryCrippled1Name" description_key="buffInjuryCrippled1Desc" tooltip_key="buffInjuryCrippled1Tooltip" icon="ui_game_symbol_stunned">
./buffs.xml:	<buff name="buffInjuryKnockdown1">
./buffs.xml:	<buff name="buffInjuryKnockdown2">
./buffs.xml:	<buff name="buffInjuryKnockdown1Cooldown" hidden="true"> <duration value="5" /> <stack_type value="ignore" /> </buff>
./buffs.xml:	<buff name="buffInjuryUnconscious" name_key="buffInjuryUnconsciousName" description_key="buffInjuryUnconsciousDesc" tooltip_key="buffInjuryUnconsciousTooltip" icon="ui_game_symbol_critical">
./buffs.xml:	<buff name="buffStayDownKO" hidden="true">
./buffs.xml:	<buff name="buffInjuryConcussion" name_key="buffInjuryConcussionName" description_key="buffInjuryConcussionDesc" tooltip_key="buffInjuryConcussionTooltip" icon="ui_game_symbol_stunned">
./buffs.xml:	<buff name="buffElementHot" name_key="buffElementHotName" description_key="buffElementHotDesc" tooltip_key="buffElementHotTooltip" icon="ui_game_symbol_hot" icon_color="255,128,0">
./buffs.xml:	<buff name="buffElementSweltering" name_key="buffElementSwelteringName" description_key="buffElementSwelteringDesc" tooltip_key="buffElementSwelteringTooltip" icon="ui_game_symbol_hot" icon_color="255,0,0" icon_blink="true">
./buffs.xml:	<buff name="buffElementCold" name_key="buffElementColdName" description_key="buffElementColdDesc" tooltip_key="buffElementColdTooltip" icon="ui_game_symbol_cold" icon_color="255,128,0">
./buffs.xml:	<buff name="buffElementFreezing" name_key="buffElementFreezingName" description_key="buffElementFreezingDesc" tooltip_key="buffElementFreezingTooltip" icon="ui_game_symbol_cold" icon_color="255,0,0" icon_blink="true">
./buffs.xml:	<buff name="buffShocked" description_key="buffShockedDesc" tooltip_key="buffShockedTooltip" icon="ui_game_symbol_electric_power" name_key="buffShockedName" icon_color="255,0,0">
./buffs.xml:	<buff name="buffBurningElement" hidden="true">
./buffs.xml:	<buff name="buffBurningEnvironment" hidden="true"> <!-- remove when blocks proc buffs correctly -->
./buffs.xml:	<buff name="buffBurningEnvironmentHack" hidden="true"> <!-- rename to "buffBurningEnvironment" when blocks proc buffs correctly -->
./buffs.xml:	<buff name="buffBurningFlamingArrow" hidden="true">
./buffs.xml:	<buff name="buffBurningMolotov" hidden="true">
./buffs.xml:	<buff name="buffBurning" hidden="true">
./buffs.xml:	<buff name="buffIsOnFire" name_key="buffIsOnFireName" description_key="buffIsOnFireDesc" tooltip_key="buffIsOnFireTooltip" icon="ui_game_symbol_fire" icon_color="255,0,0" icon_blink="true">
./buffs.xml:	<buff name="buffExtinguishFire" name_key="buffExtinguishFire" icon="ui_game_symbol_water" icon_color="0,255,0" hidden="true">
./buffs.xml:	<buff name="buffBurningWeapon" name_key="buffBurningWeaponName" icon="ui_game_symbol_fire" icon_color="0,255,0" hidden="true">
./buffs.xml:	<buff name="buffRadiation3" name_key="buffRadiation3Name" description_key="buffRadiation3Desc" tooltip_key="buffRadiation3Tooltip" icon="ui_game_symbol_radiation" icon_color="255,0,0" icon_blink="true">
./buffs.xml:	<buff name="buffNearDeathTraumaTrigger" hidden="true">
./buffs.xml:	<buff name="buffNearDeathTrauma" name_key="buffNearDeathTraumaName" description_key="buffNearDeathTraumaDesc" tooltip_key="buffNearDeathTraumaTooltip" icon="ui_game_symbol_near_death_trauma" icon_color="255,128,0" remove_on_death="false">
./buffs.xml:	<buff name="buffNearDeathTraumaCalculate" hidden="true">
./buffs.xml:	<buff name="buffNearDeathRegen" icon="ui_game_symbol_near_death_trauma" icon_color="0,255,0" hidden="true">
./buffs.xml:	<buff name="buffNearDeathProtection" icon="ui_game_symbol_near_death_trauma" icon_color="0,255,0" remove_on_death="false" hidden="true">
./buffs.xml:	<buff name="buffIllnessIndicatorTrigger" hidden="true">
./buffs.xml:	<buff name="buffIllnessIndicatorTrigger" hidden="true">
./buffs.xml:	<buff name="buffIllnessIndicator" name_key="buffIllnessIndicatorName" description_key="buffIllnessIndicatorDesc" tooltip_key="buffIllnessIndicatorTooltip" icon="ui_game_symbol_death" icon_color="255,128,0" remove_on_death="false">
./buffs.xml:	<buff name="buffIllDysentery0" hidden="true">
./buffs.xml:	<buff name="buffIllDysentery1" name_key="buffIllDysentery1Name" description_key="buffIllDysentery1Desc" tooltip_key="buffIllDysentery1Tooltip" icon="ui_game_symbol_dysentery" icon_color="255,128,0">
./buffs.xml:	<buff name="buffIllDysentery2" name_key="buffIllDysentery2Name" description_key="buffIllDysentery2Desc" tooltip_key="buffIllDysentery2Tooltip" icon="ui_game_symbol_dysentery" icon_color="255,0,0" icon_blink="true">
./buffs.xml:	<buff name="buffIllFoodPoisoning0" hidden="true">
./buffs.xml:	<buff name="buffIllFoodPoisoning1" name_key="buffIllFoodPoisoning1Name" description_key="buffIllFoodPoisoning1Desc" tooltip_key="buffIllFoodPoisoning1Tooltip" icon="ui_game_symbol_food_poisoning" icon_color="255,128,0">
./buffs.xml:	<buff name="buffIllFoodPoisoning2" name_key="buffIllFoodPoisoning2Name" description_key="buffIllFoodPoisoning2Desc" tooltip_key="buffIllFoodPoisoning2Tooltip" icon="ui_game_symbol_food_poisoning" icon_color="255,0,0" icon_blink="true">
./buffs.xml:	<buff name="buffIllPneumonia0" hidden="true">
./buffs.xml:	<buff name="buffIllPneumonia1" name_key="buffIllPneumonia1Name" description_key="buffIllPneumonia1Desc" tooltip_key="buffIllPneumonia1Tooltip" icon="ui_game_symbol_" icon_color="255,0,0" icon_blink="true">
./buffs.xml:	<buff name="buffIllInfection0" hidden="true">
./buffs.xml:	<buff name="buffIllInfection1" name_key="buffIllInfection1Name" description_key="buffIllInfection1Desc" tooltip_key="buffIllInfection1Tooltip" icon="ui_game_symbol_infection">
./buffs.xml:	<buff name="buffIllInfection2" name_key="buffIllInfection2Name" description_key="buffIllInfection2Desc" icon="ui_game_symbol_infection" icon_color="255,128,0">
./buffs.xml:	<buff name="buffIllInfection3" name_key="buffIllInfection3Name" description_key="buffIllInfection3Desc" icon="ui_game_symbol_infection" icon_color="255,0,0" icon_blink="true">
./buffs.xml:	<buff name="buffStatusHungry1" name_key="buffStatusHungry1Name" description_key="buffStatusHungry1Desc" tooltip_key="buffStatusHungry1Tooltip" icon="ui_game_symbol_hunger" icon_color="255,128,0">
./buffs.xml:	<buff name="buffStatusHungry2" name_key="buffStatusHungry2Name" description_key="buffStatusHungry2Desc" tooltip_key="buffStatusHungry2Tooltip" icon="ui_game_symbol_hunger" icon_color="255,0,0" icon_blink="true">
./buffs.xml:	<buff name="buffStatusThirsty1" name_key="buffStatusThirsty1Name" description_key="buffStatusThirsty1Desc" tooltip_key="buffStatusThirsty1Tooltip" icon="ui_game_symbol_water" icon_color="255,128,0">
./buffs.xml:	<buff name="buffStatusThirsty2" name_key="buffStatusThirsty2Name" description_key="buffStatusThirsty2Desc" tooltip_key="buffStatusThirsty2Tooltip" icon="ui_game_symbol_water" icon_color="255,0,0" icon_blink="true">
./buffs.xml:	<buff name="buffStatusWounded" name_key="buffStatusWoundedName" description_key="buffStatusWoundedTooltip" tooltip_key="buffStatusWoundedTooltip" icon="ui_game_symbol_medical" icon_color="255,128,0">
./buffs.xml:	<buff name="buffStatusDying" name_key="buffStatusDyingName" description_key="buffStatusDyingTooltip" tooltip_key="buffStatusDyingTooltip" icon="ui_game_symbol_medical" icon_color="255,0,0" icon_blink="true">
./buffs.xml:	<buff name="buffProcessConsumables" hidden="true">
./buffs.xml:	<buff name="buffHealHealth" name_key="buffHealHealthName" description_key="buffHealHealthDesc" icon="ui_game_symbol_add">
./buffs.xml:	<buff name="buffHealHealthMax" name_key="buffHealHealthMaxName" description_key="buffHealHealthMaxDesc" tags="medical" icon="ui_game_symbol_medical">
./buffs.xml:	<buff name="buffHealStaminaMax" name_key="buffHealStaminaMaxName" tags="food" icon="ui_game_symbol_hunger" icon_color="0,200,0" hidden="true">
./buffs.xml:	<buff name="buffHealStaminaMaxStatus" name_key="buffHealStaminaMaxStatusName" description_key="buffHealStaminaMaxStatusDesc" tags="food" icon="ui_game_symbol_hunger">
./buffs.xml:	<buff name="buffPuking1" name_key="buffPuking1Name" tags="food" icon="ui_game_symbol_hunger" icon_color="255,0,0" hidden="true">
./buffs.xml:	<buff name="buffHealWaterMax" name_key="buffHealWaterMaxName" description_key="buffHealWaterMaxDesc" tags="drink" icon="ui_game_symbol_water">
./buffs.xml:	<buff name="buffGoldenrodEffect" name_key="buffGoldenrodEffectName" description_key="buffGoldenrodEffectDesc" tags="drug" icon="ui_game_symbol_pills" hidden="true">
./buffs.xml:	<buff name="buffHoneyEffect" name_key="buffHoneyEffectName" description_key="buffHoneyEffectDesc" tags="drug" icon="ui_game_symbol_pills" hidden="true">
./buffs.xml:	<buff name="buffDrugPainkillers" name_key="buffDrugPainkillersName" description_key="buffDrugPainkillersDesc" tags="drug" icon="ui_game_symbol_pills">
./buffs.xml:	<buff name="buffDrugVitamins" name_key="drugVitamins" description_key="drugVitaminsDesc" tags="drug" icon="ui_game_symbol_pills">
./buffs.xml:	<buff name="buffDrugAntibiotics" name_key="buffDrugAntibioticsName" description_key="buffDrugAntibioticsDesc" tags="drug" icon="ui_game_symbol_pills">
./buffs.xml:	<buff name="buffDrugHerbalAntibiotics" name_key="buffDrugHerbalAntibioticsName" description_key="buffDrugHerbalAntibioticsDesc" tags="drug" icon="ui_game_symbol_pills">
./buffs.xml:	<buff name="buffDrunk1" name_key="buffDrunk1Name" description_key="buffDrunk1Desc" tooltip_key="buffDrunk1Tooltip" icon="ui_game_symbol_beer">
./buffs.xml:	<buff name="buffDrunk1Extended" icon="ui_game_symbol_beer">
./buffs.xml:	<buff name="buffDrunk2" name_key="buffDrunk2Name" description_key="buffDrunk2Desc" tooltip_key="buffDrunk2Tooltip" icon="ui_game_symbol_beer">
./buffs.xml:	<buff name="buffEncumberedInv" name_key="buffEncumberedInvName" description_key="buffEncumberedInvDesc" tooltip_key="buffEncumberedInvTooltip" icon="ui_game_symbol_pack_mule">
./buffs.xml:	<buff name="buffEncumberedWield" hidden="true" name_key="buffEncumberedWieldName" description_key="buffEncumberedWieldDesc" tooltip_key="buffEncumberedWieldTooltip">
./buffs.xml:	<buff name="buffDrowning1" name_key="buffDrowning1Name" description_key="buffDrowning1Desc" tooltip_key="buffDrowning1Tooltip" icon="ui_game_symbol_oxygen">
./buffs.xml:	<buff name="buffDrowning2" name_key="buffDrowning2Name" description_key="buffDrowning2Desc" tooltip_key="buffDrowning2Tooltip" icon="ui_game_symbol_oxygen" icon_color="255,128,0">
./buffs.xml:	<buff name="buffDrowning3" name_key="buffDrowning3Name" description_key="buffDrowning3Desc" tooltip_key="buffDrowning3Tooltip" icon="ui_game_symbol_oxygen" icon_color="255,0,0" icon_blink="true">
./buffs.xml:	<buff name="buffJumpJetsActivated" hidden="true">
./buffs.xml:	<buff name="buffBloodDrawKitMaster" name_key="buffBloodDrawKitMasterName" tags="drug" icon="ui_game_symbol_skull" icon_color="0,255,0" remove_on_death="false" hidden="true">
./buffs.xml:	<buff name="buffBloodDrawKitRecover" hidden="true"> <!-- recover from BloodDrawKitCounter by digesting food -->
./buffs.xml:	<buff name="buffBloodDrawKitUpdate" hidden="true">
./buffs.xml:	<buff name="buffBloodDrawKitBlocker" name_key="buffBloodDrawKitBlockerName" tags="drug" icon="ui_game_symbol_skull" icon_color="0,0,255" hidden="true">
./buffs.xml:	<buff name="buffAnemia1" name_key="buffAnemia1Name" remove_on_death="false" description_key="buffAnemiaGroupDesc" tooltip_key="buffAnemiaGroupTooltip" tags="drug" icon="ui_game_symbol_skull" icon_color="255,128,0">
./buffs.xml:	<buff name="buffAnemia2" name_key="buffAnemia2Name" remove_on_death="false" description_key="buffAnemiaGroupDesc" tooltip_key="buffAnemiaGroupTooltip" tags="drug" icon="ui_game_symbol_skull" icon_color="255,64,0">
./buffs.xml:	<buff name="buffAnemia3" name_key="buffAnemia3Name" remove_on_death="false" description_key="buffAnemiaGroupDesc" tooltip_key="buffAnemiaGroupTooltip" tags="drug" icon="ui_game_symbol_skull" icon_color="255,0,0">
./buffs.xml:	<buff name="buffAnemia4" name_key="buffAnemia4Name" description_key="buffAnemia4Desc" tooltip_key="buffAnemia4Desc" tags="drug" icon="ui_game_symbol_skull" icon_color="255,0,0" icon_blink="true">
./buffs.xml:	<buff name="buffJumpJetsAirborne" hidden="true">
./buffs.xml:	<buff name="buffBandolier" hidden="true">
./buffs.xml:	<buff name="buffCoffee" name_key="buffCoffeeName" description_key="buffCoffeeDesc" icon="ui_game_symbol_coffee" tags="drug">
./buffs.xml:	<buff name="buffYuccaJuiceSmoothie" name_key="drinkYuccaJuiceSmoothie" description_key="drinkYuccaJuiceSmoothieDesc" icon="ui_game_symbol_coffee" tags="drug">
./buffs.xml:	<buff name="buffBeer" name_key="buffDrunk1Name" description_key="buffDrunk1Desc" tooltip_key="buffDrunk1Tooltip" icon="ui_game_symbol_beer">
./buffs.xml:	<buff name="buffMegaCrush" name_key="buffMegaCrushName" description_key="buffMegaCrushDesc" tooltip_key="buffMegaCrushTooltip" icon="ui_game_symbol_pills" tags="drug">
./buffs.xml:	<buff name="buffRedTea" name_key="buffRedTea" description_key="buffRedTeaDesc" icon="ui_game_symbol_coffee">
./buffs.xml:	<buff name="buffDrunkGrandpasMoonshine" name_key="buffDrunkGrandpasMoonshineName" description_key="buffDrunkGrandpasMoonshineDesc" tooltip_key="buffDrunkGrandpasMoonshineTooltip" icon="ui_game_symbol_beer">
./buffs.xml:	<buff name="buffDrunkGrandpasAwesomeSauce" name_key="buffDrunkGrandpasAwesomeSauceName" description_key="buffDrunkGrandpasAwesomeSauceDesc" tooltip_key="buffDrunkGrandpasAwesomeSauceTooltip" icon="ui_game_symbol_beer">
./buffs.xml:	<buff name="buffDrunkGrandpasLearningElixir" name_key="buffDrunkGrandpasLearningElixirName" description_key="buffDrunkGrandpasLearningElixirDesc" tooltip_key="buffDrunkGrandpasLearningElixirTooltip" icon="ui_game_symbol_beer">
./buffs.xml:	<buff name="buffShamChowder" name_key="buffShamChowderName" description_key="buffShamChowderDesc" icon="ui_game_symbol_assemble" tags="food">
./buffs.xml:	<buff name="buffDrugSteroids" name_key="buffDrugSteroidsName" description_key="buffDrugSteroidsDesc" icon="ui_game_symbol_steroids" tags="drug">
./buffs.xml:	<buff name="buffDrugSteroidsSideEffect" name_key="buffDrugSteroidsSideEffectName" description_key="buffDrugSteroidsSideEffectDesc" tooltip_key="buffDrugSteroidsSideEffectTooltip" icon="ui_game_symbol_pills" icon_color="255,128,0" tags="drug">
./buffs.xml:	<buff name="buffDrugRecog" name_key="buffDrugRecogName" description_key="buffDrugRecogDesc" tooltip_key="buffDrugRecogTooltip" icon="ui_game_symbol_gunslinger">
./buffs.xml:	<buff name="buffDrugRecogSideEffect" name_key="buffDrugRecogSideEffectName" description_key="buffDrugRecogSideEffectDesc" icon="ui_game_symbol_gunslinger" icon_color="255,128,0" tags="drug">
./buffs.xml:	<buff name="buffDrugFortBites" name_key="buffDrugFortBitesName" description_key="buffDrugFortBitesDesc" tooltip_key="buffDrugFortBitesTooltip" icon="ui_game_symbol_defense">
./buffs.xml:	<buff name="buffDrugFortBitesSideEffect" name_key="buffDrugFortBitesSideEffectName" description_key="buffDrugFortBitesSideEffectDesc" icon="ui_game_symbol_defense" icon_color="255,128,0" tags="drug">
./buffs.xml:	<buff name="buffDrugDiazepam" name_key="buffDrugDiazepamName" description_key="buffDrugDiazepamDesc" tooltip_key="buffDrugDiazepamTooltip" icon="ui_game_symbol_pills" tags="drug">
./buffs.xml:	<buff name="buffArmorShredding" name_key="buffArmorShreddingName" description_key="buffArmorShreddingDesc" tooltip_key="buffArmorShreddingTooltip" icon="ui_game_symbol_armor_iron" icon_color="255,128,0">
./buffs.xml:	<buff name="buffMagazineAttPerception" name_key="buffMagazineAttPerceptionName" description_key="buffMagazineAttPerceptionDesc" icon="ui_game_symbol_book">
./buffs.xml:	<buff name="buffMagazineAttStrength" name_key="buffMagazineAttStrengthName" description_key="buffMagazineAttStrengthDesc" icon="ui_game_symbol_book">
./buffs.xml:	<buff name="buffMagazineAttFortitude" name_key="buffMagazineAttFortitudeName" description_key="buffMagazineAttFortitudeDesc" icon="ui_game_symbol_book">
./buffs.xml:	<buff name="buffMagazineAttAgility" name_key="buffMagazineAttAgilityName" description_key="buffMagazineAttAgilityDesc" icon="ui_game_symbol_book">
./buffs.xml:	<buff name="buffMagazineAttIntellect" name_key="buffMagazineAttIntellectName" description_key="buffMagazineAttIntellectDesc" icon="ui_game_symbol_book">
./buffs.xml:	<buff name="buffMagazinePerkGunslinger" tooltip_key="buffMagazinePerkGunslingerTooltip" hidden="true" remove_on_death="false">
./buffs.xml:	<buff name="buffMagazinePerkShotgunMessiah" tooltip_key="buffMagazinePerkShotgunMessiahTooltip" hidden="true" remove_on_death="false">
./buffs.xml:	<buff name="buffMagazinePerkAutomaticWeapons" tooltip_key="buffMagazinePerkAutomaticWeaponsTooltip" hidden="true" remove_on_death="false">
./buffs.xml:	<buff name="buffMagazinePerkDeadEye" tooltip_key="buffMagazinePerkDeadEyeTooltip" hidden="true" remove_on_death="false">
./buffs.xml:	<buff name="buffMagazinePerkArchery" tooltip_key="buffMagazinePerkArcheryTooltip" hidden="true" remove_on_death="false">
./buffs.xml:	<buff name="buffMagazinePerkExplosiveWeapons" tooltip_key="buffMagazinePerkExplosiveWeaponsTooltip" hidden="true" remove_on_death="false">
./buffs.xml:	<buff name="buffMagazinePerkHeadshot" tooltip_key="buffMagazinePerkHeadshotTooltip" hidden="true" remove_on_death="false">
./buffs.xml:	<buff name="buffMagazinePerkRunAndGun" tooltip_key="buffMagazinePerkRunAndGunTooltip" hidden="true" remove_on_death="false">
./buffs.xml:	<buff name="buffMagazinePerkLuckyLooter" tooltip_key="buffMagazinePerkLuckyLooterTooltip" hidden="true" remove_on_death="false">
./buffs.xml:	<buff name="buffMagazinePerkSalvageOperations" tooltip_key="buffMagazinePerkSalvageOperationsTooltip" hidden="true" remove_on_death="false">
./buffs.xml:	<buff name="buffMagazinePerkSexualTrex" tooltip_key="buffMagazinePerkSexualTrexTooltip" hidden="true" remove_on_death="false">
./buffs.xml:	<buff name="buffMagazinePerkFlurryOfBlows" tooltip_key="buffMagazinePerkFlurryOfBlowsTooltip" hidden="true" remove_on_death="false">
./buffs.xml:	<buff name="buffMagazinePerkDeepCuts" tooltip_key="buffMagazinePerkDeepCutsTooltip" hidden="true" remove_on_death="false">
./buffs.xml:	<buff name="buffMagazinePerkStayDown" tooltip_key="buffMagazinePerkStayDownTooltip" hidden="true" remove_on_death="false">
./buffs.xml:	<buff name="buffMagazinePerkHeavyMetal" tooltip_key="buffMagazinePerkHeavyMetalTooltip" hidden="true" remove_on_death="false">
./buffs.xml:	<buff name="buffMagazinePerkSkullCrusher" tooltip_key="buffMagazinePerkSkullCrusherTooltip" hidden="true" remove_on_death="false">
./buffs.xml:	<buff name="buffMagazinePerkMiner69r" tooltip_key="buffMagazinePerkMiner69rTooltip" hidden="true" remove_on_death="false">
./buffs.xml:	<buff name="buffMagazinePerkPackMule" tooltip_key="buffMagazinePerkPackMuleTooltip" hidden="true" remove_on_death="false">
./buffs.xml:	<buff name="buffMagazinePerkMotherLode" tooltip_key="buffMagazinePerkMotherLodeTooltip" hidden="true" remove_on_death="false">
./buffs.xml:	<buff name="buffMagazinePerkHeavyArmor" tooltip_key="buffMagazinePerkHeavyArmorTooltip" hidden="true" remove_on_death="false">
./buffs.xml:	<buff name="buffMagazinePerkTheHuntsman" tooltip_key="buffMagazinePerkTheHuntsmanTooltip" hidden="true" remove_on_death="false">
./buffs.xml:	<buff name="buffMagazinePerkIntrinsicImmunity" tooltip_key="buffMagazinePerkIntrinsicImmunityTooltip" hidden="true" remove_on_death="false">
./buffs.xml:	<buff name="buffMagazinePerkWellInsulated" tooltip_key="buffMagazinePerkWellInsulatedTooltip" hidden="true" remove_on_death="false">
./buffs.xml:	<buff name="buffMagazinePerkLivingOffTheLand" tooltip_key="buffMagazinePerkLivingOffTheLandTooltip" hidden="true" remove_on_death="false">
./buffs.xml:	<buff name="buffMagazinePerkPainTolerance" tooltip_key="buffMagazinePerkPainToleranceTooltip" hidden="true" remove_on_death="false">
./buffs.xml:	<buff name="buffMagazinePerkHealingFactor" tooltip_key="buffMagazinePerkHealingFactorTooltip" hidden="true" remove_on_death="false">
./buffs.xml:	<buff name="buffMagazinePerkSlowMetabolism" tooltip_key="buffMagazinePerkSlowMetabolismTooltip" hidden="true" remove_on_death="false">
./buffs.xml:	<buff name="buffMagazinePerkSelfMedicated" tooltip_key="buffMagazinePerkSelfMedicatedTooltip" hidden="true" remove_on_death="false">
./buffs.xml:	<buff name="buffMagazinePerkRuleOneCardio" tooltip_key="buffMagazinePerkRuleOneCardioTooltip" hidden="true" remove_on_death="false">
./buffs.xml:	<buff name="buffMagazinePerkLightArmor" tooltip_key="buffMagazinePerkLightArmorTooltip" hidden="true" remove_on_death="false">
./buffs.xml:	<buff name="buffMagazinePerkChargingBull" tooltip_key="buffMagazinePerkChargingBullTooltip" hidden="true" remove_on_death="false">
./buffs.xml:	<buff name="buffMagazinePerkParkour" tooltip_key="buffMagazinePerkParkourTooltip" hidden="true" remove_on_death="false">
./buffs.xml:	<buff name="buffMagazinePerkOlympicSwimmer" tooltip_key="buffMagazinePerkOlympicSwimmerTooltip" hidden="true" remove_on_death="false">
./buffs.xml:	<buff name="buffMagazinePerkNinjaMovement" tooltip_key="buffMagazinePerkNinjaMovementTooltip" hidden="true" remove_on_death="false">
./buffs.xml:	<buff name="buffMagazinePerkHiddenStrike" tooltip_key="buffMagazinePerkHiddenStrikeTooltip" hidden="true" remove_on_death="false">
./buffs.xml:	<buff name="buffMagazinePerkFromTheShadows" tooltip_key="buffMagazinePerkFromTheShadowsTooltip" hidden="true" remove_on_death="false">
./buffs.xml:	<buff name="buffMagazinePerkBetterBarter" tooltip_key="buffMagazinePerkBetterBarterTooltip" hidden="true" remove_on_death="false">
./buffs.xml:	<buff name="buffMagazinePerkDaringAdventurer" tooltip_key="buffMagazinePerkDaringAdventurerTooltip" hidden="true" remove_on_death="false">
./buffs.xml:	<buff name="buffMagazinePerkCharismaticNature" tooltip_key="buffMagazinePerkCharismaticNatureTooltip" hidden="true" remove_on_death="false">
./buffs.xml:	<buff name="buffMagazinePerkHammerForge" tooltip_key="buffMagazinePerkHammerForgeTooltip" hidden="true" remove_on_death="false">
./buffs.xml:	<buff name="buffMagazinePerkGreaseMonkey" tooltip_key="buffMagazinePerkGreaseMonkeyTooltip" hidden="true" remove_on_death="false">
./buffs.xml:	<buff name="buffMagazinePerkAdvancedEngineering" tooltip_key="buffMagazinePerkAdvancedEngineeringTooltip" hidden="true" remove_on_death="false">
./buffs.xml:	<buff name="buffMagazinePerkYeahScience" tooltip_key="buffMagazinePerkYeahScienceTooltip" hidden="true" remove_on_death="false">
./buffs.xml:	<buff name="buffMagazinePerkPhysician" tooltip_key="buffMagazinePerkPhysicianTooltip" hidden="true" remove_on_death="false">
./buffs.xml:	<buff name="buffMagazinePerkMasterChef" tooltip_key="buffMagazinePerkMasterChefTooltip" hidden="true" remove_on_death="false">
./buffs.xml:	<buff name="buffPowerAttackStaminaStunt" icon="ui_game_symbol_run" icon_color="255,128,0" hidden="true">
./buffs.xml:	<buff name="buffHoldBreathAiming1" name_key="Aiming1" description_key="" tooltip_key="" icon="ui_game_symbol_all_blocks" hidden="true">
./buffs.xml:	<buff name="buffDrawBow1" name_key="buffDrawBow1" icon="ui_game_symbol_all_blocks" hidden="true">
./buffs.xml:	<buff name="buffReloadMovementPenalty" name_key="Reloading" icon="ui_game_symbol_pack_mule" icon_color="255,128,0" hidden="true">&gt;
./buffs.xml:	<buff name="buffLegendaryBoss" name_key="Legendary Boss Buff Name" description_key="legendaryDesc" tooltip_key="na" icon="ui_game_symbol_skull">
./buffs.xml:	<buff name="buffTazasWrath" name_key="buffTazasWrathName" description_key="buffTazasWrathDesc" tooltip_key="buffTazasWrathTooltip" icon="ui_game_symbol_skull">
./buffs.xml:	<buff name="buffRingOfFire" name_key="buffRingOfFireName" description_key="buffRingOfFireDesc" icon="ui_game_symbol_fire" icon_color="200,200,0" icon_blink="true" remove_on_death="false">
./buffs.xml:	<buff name="buffRingOfFireEffect" name_key="buffRingOfFireEffectName" description_key="buffRingOfFireEffectDesc" tooltip_key="buffRingOfFireEffectDesc" icon="ui_game_symbol_fire" icon_color="255,0,0" icon_blink="true">
./buffs.xml:	<buff name="buffDontBreakMyLeg" hidden="true" remove_on_death="false">
./buffs.xml:	<buff name="buffRadiatedRegen" name_key="buffRadiatedRegenDesc" description_key="buffRadiatedRegenDesc" tooltip_key="buffRadiatedRegenDesc" icon="ui_game_symbol_radiation" icon_color="255,0,0">
./buffs.xml:	<buff name="buffRadiatedRegenBlock" name_key="buffRadiatedRegenBlockName" icon="ui_game_symbol_radiation" icon_color="255,255,0" hidden="true">
./buffs.xml:	<buff name="buffCampfireAOE" hidden="true">
./buffs.xml:	<buff name="buffInternalBleeding" name_key="buffInternalBleedingName" description_key="buffInternalBleedingDesc" tooltip_key="buffInternalBleedingTooltip" icon="ui_game_symbol_critical" icon_color="255,0,0" icon_blink="true">
./buffs.xml:	<buff name="buffImpactBracing" hidden="true"> <stack_type value="ignore" /> <duration value="0" /> </buff>
./buffs.xml:	<buff name="buffShotgunWound1" name_key="buffShotgunWound1Name" description_key="buffShotgunWound1Desc" icon="ui_game_symbol_critical">
./buffs.xml:	<buff name="buffBurningSmall">
./buffs.xml:	<buff name="buffArrowCriticalBleedout">
./buffs.xml:	<buff name="buffDrugRedPill">
./buffs.xml:	<buff name="buffDrugBluePill">
./buffs.xml:	<buff name="buffYuccaJuiceCooling">
./buffs.xml:	<buff name="buffExtinguishFireBuff">
./buffs.xml:	<buff name="buffEatSnowberryTrigger">
./buffs.xml:	<buff name="reqtest">
./progression.xml:			<!-- see <buff name="buffPerkAbilityUpdate"> for cvar based ability changes -->
./progression.xml:			<!-- see <buff name="buffPerkAbilityUpdate"> for cvar based ability changes -->
./progression.xml:			<!-- see <buff name="buffPerkAbilityUpdate"> for cvar based ability changes -->
Icarus-2:Configs logancautrell$
