<configs>
	<append xpath="/entity_classes/entity_class[@name='playerMale']/effect_group">
		<passive_effect name="StaminaMax" operation="perc_add" value="2"/>
		<passive_effect name="WaterMax" operation="perc_add" value="2"/>
	</append>
</configs>

<!--
<effect_group>
	<passive_effect name="HealthMax" operation="base_set" value="110" />
	<passive_effect name="StaminaMax" operation="base_set" value="110" />
	<passive_effect name="WaterMax" operation="base_set" value="100" />
	<passive_effect name="DamageModifier" operation="perc_add" value="1" tags="head" />

-->
