<configs>
    <set xpath="/items/item[@name='meleeToolAuger']/property[@class='Action0']/property[@name='Sound_start']/@value">stepmetal</set>
    <set xpath="/items/item[@name='meleeToolAuger']/property[@class='Action0']/property[@name='Sound_repeat']/@value">stepmetal</set>
    <set xpath="/items/item[@name='meleeToolAuger']/property[@class='Action0']/property[@name='Sound_end']/@value">stepmetal</set>
</configs>

<!--
stepmetal

<property class="Action0">
  <property name="Sound_start" value="Auger_Fire_Start"/>
  <property name="Sound_repeat" value="Weapons/Motorized/Auger/auger_fire_lp"/>
  <property name="Sound_end" value="Weapons/Motorized/Auger/auger_fire_end"/>
  <property name="Sound_empty" value="auger_empty"/>
  <property name="Sound_reload" value="Auger_Reload"/>

-->
