<!--
attFortitude,
attStrength,
attPerception
attIntellect
attAgility

onSelfBuffStart = 0
onSelfBuffUpdate,  Frame-based, not 1/s
onSelfBuffFinish,  Runs when the duration of a buff has run out.
onSelfBuffRemove,  When the buff is being removed by any source. Can not be used for a buff to restart itself.
onSelfBuffStack    When the buff is refreshed/extended/stacked... anything but "ignore"

Stat / cvar comparison operators:
    None,
    Equals,
    NotEquals,
    Less, LessThan, LT,
    Greater, GreaterThan, GT,
    LessOrEqual, LessThanOrEqualTo, LTE,
    GreaterOrEqual, GreaterThanOrEqualTo, GTE
-->
<configs>

  <append xpath="/buffs">

    <buff name="Forum Guy" name_key="Forum Guy" description_key="I just had a filling breakfast, now its time to police the forums for proper spelling and grammar." icon="ui_game_symbol_talk" icon_color="200,125,125">
      <duration value="240"/>
      <stack_type value="duration" />
      <update_rate value="10"/>
      <effect_group>
        <passive_effect name="PerkLevel" operation="base_add" value="1" tags="perkCharismaticNature"/>
        <triggered_effect trigger="onSelfBuffStart" action="AddBuff" target="self" buff="buffPerkAbilityUpdate" />
        <triggered_effect trigger="onSelfBuffRemove" action="AddBuff" target="self" buff="buffPerkAbilityUpdate" />

        <triggered_effect trigger="onSelfBuffStart" action="ShowToolbeltMessage" message="Because EVERYBODY loves me!"/>
        <triggered_effect trigger="onSelfBuffStack" action="ShowToolbeltMessage" message="Nobody is perfect..."/>
        <triggered_effect trigger="onSelfBuffRemove" action="ShowToolbeltMessage" message="We won't be able to agree on this..."/>

        <triggered_effect trigger="onSelfBuffUpdate" action="ShowToolbeltMessage" message="They haven’t started working on any other game.">
          <requirement name="RandomRoll" seed_type="Random" target="self" min_max="0,100" operation="LTE" value="10"/>
        </triggered_effect>
        <triggered_effect trigger="onSelfBuffUpdate" action="ShowToolbeltMessage" message="The bees were too large and aggressive and foul mouthed to make it work.">
          <requirement name="RandomRoll" seed_type="Random" target="self" min_max="0,100" operation="LTE" value="10"/>
        </triggered_effect>
        <triggered_effect trigger="onSelfBuffUpdate" action="ShowToolbeltMessage" message="Here is what you aren't seeing...">
          <requirement name="RandomRoll" seed_type="Random" target="self" min_max="0,100" operation="LTE" value="10"/>
        </triggered_effect>
        <triggered_effect trigger="onSelfBuffUpdate" action="ShowToolbeltMessage" message="I got an infraction once from Fox...">
          <requirement name="RandomRoll" seed_type="Random" target="self" min_max="0,100" operation="LTE" value="10"/>
        </triggered_effect>
        <triggered_effect trigger="onSelfBuffUpdate" action="ShowToolbeltMessage" message="Permanent banning really doesn’t happen that often...">
          <requirement name="RandomRoll" seed_type="Random" target="self" min_max="0,100" operation="LTE" value="10"/>
        </triggered_effect>
        <triggered_effect trigger="onSelfBuffUpdate" action="ShowToolbeltMessage" message="What the heck?!?! Day 1...yadda yadda yadda...Day friggin Five?!?">
          <requirement name="RandomRoll" seed_type="Random" target="self" min_max="0,100" operation="LTE" value="10"/>
        </triggered_effect>
        <triggered_effect trigger="onSelfBuffUpdate" action="ShowToolbeltMessage" message="You act like he said Miracle Whip or something...">
          <requirement name="RandomRoll" seed_type="Random" target="self" min_max="0,100" operation="LTE" value="10"/>
        </triggered_effect>
        <triggered_effect trigger="onSelfBuffUpdate" action="ShowToolbeltMessage" message="Let me see if I can help...">
          <requirement name="RandomRoll" seed_type="Random" target="self" min_max="0,100" operation="LTE" value="10"/>
        </triggered_effect>
        <triggered_effect trigger="onSelfBuffUpdate" action="ShowToolbeltMessage" message="New player feedback whether criticizing or praising is invaluable...">
          <requirement name="RandomRoll" seed_type="Random" target="self" min_max="0,100" operation="LTE" value="10"/>
        </triggered_effect>
        <triggered_effect trigger="onSelfBuffUpdate" action="ShowToolbeltMessage" message="The beatings will continue until morale improves!">
          <requirement name="RandomRoll" seed_type="Random" target="self" min_max="0,100" operation="LTE" value="10"/>
        </triggered_effect>
        <triggered_effect trigger="onSelfBuffUpdate" action="ShowToolbeltMessage" message="When I tell people to 'just mod it' I'm talking about ultimately--once the game is done...">
          <requirement name="RandomRoll" seed_type="Random" target="self" min_max="0,100" operation="LTE" value="10"/>
        </triggered_effect>
        <triggered_effect trigger="onSelfBuffUpdate" action="ShowToolbeltMessage" message="No Jax. You don't need red text...">
          <requirement name="RandomRoll" seed_type="Random" target="self" min_max="0,100" operation="LTE" value="10"/>
        </triggered_effect>
        <triggered_effect trigger="onSelfBuffUpdate" action="ShowToolbeltMessage" message="That is ludicrous. The radio towers and water works are the best POIs...">
          <requirement name="RandomRoll" seed_type="Random" target="self" min_max="0,100" operation="LTE" value="10"/>
        </triggered_effect>

        <!-- Dup section, will change later -->

        <triggered_effect trigger="onSelfBuffUpdate" action="ShowToolbeltMessage" message="They haven’t started working on any other game.">
          <requirement name="RandomRoll" seed_type="Random" target="self" min_max="0,100" operation="LTE" value="10"/>
        </triggered_effect>
        <triggered_effect trigger="onSelfBuffUpdate" action="ShowToolbeltMessage" message="The bees were too large and aggressive and foul mouthed to make it work.">
          <requirement name="RandomRoll" seed_type="Random" target="self" min_max="0,100" operation="LTE" value="10"/>
        </triggered_effect>
        <triggered_effect trigger="onSelfBuffUpdate" action="ShowToolbeltMessage" message="Here is what you aren't seeing...">
          <requirement name="RandomRoll" seed_type="Random" target="self" min_max="0,100" operation="LTE" value="10"/>
        </triggered_effect>
        <triggered_effect trigger="onSelfBuffUpdate" action="ShowToolbeltMessage" message="I got an infraction once from Fox...">
          <requirement name="RandomRoll" seed_type="Random" target="self" min_max="0,100" operation="LTE" value="10"/>
        </triggered_effect>
        <triggered_effect trigger="onSelfBuffUpdate" action="ShowToolbeltMessage" message="Permanent banning really doesn’t happen that often...">
          <requirement name="RandomRoll" seed_type="Random" target="self" min_max="0,100" operation="LTE" value="10"/>
        </triggered_effect>
        <triggered_effect trigger="onSelfBuffUpdate" action="ShowToolbeltMessage" message="What the heck?!?! Day 1...yadda yadda yadda...Day friggin Five?!?">
          <requirement name="RandomRoll" seed_type="Random" target="self" min_max="0,100" operation="LTE" value="10"/>
        </triggered_effect>
        <triggered_effect trigger="onSelfBuffUpdate" action="ShowToolbeltMessage" message="You act like he said Miracle Whip or something...">
          <requirement name="RandomRoll" seed_type="Random" target="self" min_max="0,100" operation="LTE" value="10"/>
        </triggered_effect>
        <triggered_effect trigger="onSelfBuffUpdate" action="ShowToolbeltMessage" message="Let me see if I can help...">
          <requirement name="RandomRoll" seed_type="Random" target="self" min_max="0,100" operation="LTE" value="10"/>
        </triggered_effect>
        <triggered_effect trigger="onSelfBuffUpdate" action="ShowToolbeltMessage" message="New player feedback whether criticizing or praising is invaluable...">
          <requirement name="RandomRoll" seed_type="Random" target="self" min_max="0,100" operation="LTE" value="10"/>
        </triggered_effect>
        <triggered_effect trigger="onSelfBuffUpdate" action="ShowToolbeltMessage" message="The beatings will continue until morale improves!">
          <requirement name="RandomRoll" seed_type="Random" target="self" min_max="0,100" operation="LTE" value="10"/>
        </triggered_effect>
        <triggered_effect trigger="onSelfBuffUpdate" action="ShowToolbeltMessage" message="When I tell people to 'just mod it' I'm talking about ultimately--once the game is done...">
          <requirement name="RandomRoll" seed_type="Random" target="self" min_max="0,100" operation="LTE" value="10"/>
        </triggered_effect>
        <triggered_effect trigger="onSelfBuffUpdate" action="ShowToolbeltMessage" message="No Jax. You don't need red text...">
          <requirement name="RandomRoll" seed_type="Random" target="self" min_max="0,100" operation="LTE" value="10"/>
        </triggered_effect>
        <triggered_effect trigger="onSelfBuffUpdate" action="ShowToolbeltMessage" message="That is ludicrous. The radio towers and water works are the best POIs...">
          <requirement name="RandomRoll" seed_type="Random" target="self" min_max="0,100" operation="LTE" value="10"/>
        </triggered_effect>

        <!-- <triggered_effect trigger="onSelfBuffUpdate" action="ShowToolbeltMessage" message="XXXX.">
          <requirement name="RandomRoll" seed_type="Random" target="self" min_max="0,100" operation="LTE" value="10"/>
        </triggered_effect>
        <triggered_effect trigger="onSelfBuffUpdate" action="ShowToolbeltMessage" message="XXXX.">
          <requirement name="RandomRoll" seed_type="Random" target="self" min_max="0,100" operation="LTE" value="10"/>
        </triggered_effect>
        <triggered_effect trigger="onSelfBuffUpdate" action="ShowToolbeltMessage" message="XXXX.">
          <requirement name="RandomRoll" seed_type="Random" target="self" min_max="0,100" operation="LTE" value="10"/>
        </triggered_effect>
        <triggered_effect trigger="onSelfBuffUpdate" action="ShowToolbeltMessage" message="XXXX.">
          <requirement name="RandomRoll" seed_type="Random" target="self" min_max="0,100" operation="LTE" value="10"/>
        </triggered_effect>
        <triggered_effect trigger="onSelfBuffUpdate" action="ShowToolbeltMessage" message="XXXX.">
          <requirement name="RandomRoll" seed_type="Random" target="self" min_max="0,100" operation="LTE" value="10"/>
        </triggered_effect>
        <triggered_effect trigger="onSelfBuffUpdate" action="ShowToolbeltMessage" message="XXXX.">
          <requirement name="RandomRoll" seed_type="Random" target="self" min_max="0,100" operation="LTE" value="10"/>
        </triggered_effect>
        <triggered_effect trigger="onSelfBuffUpdate" action="ShowToolbeltMessage" message="XXXX.">
          <requirement name="RandomRoll" seed_type="Random" target="self" min_max="0,100" operation="LTE" value="10"/>
        </triggered_effect>
        <triggered_effect trigger="onSelfBuffUpdate" action="ShowToolbeltMessage" message="XXXX.">
          <requirement name="RandomRoll" seed_type="Random" target="self" min_max="0,100" operation="LTE" value="10"/>
        </triggered_effect>
        <triggered_effect trigger="onSelfBuffUpdate" action="ShowToolbeltMessage" message="XXXX.">
          <requirement name="RandomRoll" seed_type="Random" target="self" min_max="0,100" operation="LTE" value="10"/>
        </triggered_effect> -->
      </effect_group>
    </buff>

    <buff name="madmole" name_key="madmole" description_key="I just had a filling breakfast, now its time to smash my mechanical keyboard as hard as I can while recording YouTube videos for casuals." icon="ui_game_symbol_muscle" icon_color="200,125,125">
      <duration value="240"/>
      <stack_type value="duration" />
      <update_rate value="10"/>
      <effect_group>
        <passive_effect name="AttributeLevel" tags="attStrength" operation="base_add" value="1" />
        <triggered_effect trigger="onSelfBuffStart" action="AddBuff" target="self" buff="buffPerkAbilityUpdate" />
        <triggered_effect trigger="onSelfBuffRemove" action="AddBuff" target="self" buff="buffPerkAbilityUpdate" />

        <triggered_effect trigger="onSelfBuffStart" action="ShowToolbeltMessage" message="I'm 4 foot 26."/>
        <triggered_effect trigger="onSelfBuffStack" action="ShowToolbeltMessage" message="Food? Pfft I had 235 meat by day 14. Food is fine."/>
        <triggered_effect trigger="onSelfBuffRemove" action="ShowToolbeltMessage" message="Anyhow we love all you guys input..."/>

        <triggered_effect trigger="onSelfBuffUpdate" action="ShowToolbeltMessage" message="Guys I appreciate the brainstorms...">
          <requirement name="RandomRoll" seed_type="Random" target="self" min_max="0,100" operation="LTE" value="10"/>
        </triggered_effect>
        <triggered_effect trigger="onSelfBuffUpdate" action="ShowToolbeltMessage" message="That is counter realistic though.">
          <requirement name="RandomRoll" seed_type="Random" target="self" min_max="0,100" operation="LTE" value="10"/>
        </triggered_effect>

        <triggered_effect trigger="onSelfBuffUpdate" action="ShowToolbeltMessage" message="How can you add what is already there?">
          <requirement name="RandomRoll" seed_type="Random" target="self" min_max="0,100" operation="LTE" value="10"/>
        </triggered_effect>
        <triggered_effect trigger="onSelfBuffUpdate" action="ShowToolbeltMessage" message="No it will be a future alpha, we're just fixing bugs, balancing and optimizing A17 at this point.">
          <requirement name="RandomRoll" seed_type="Random" target="self" min_max="0,100" operation="LTE" value="10"/>
        </triggered_effect>
        <triggered_effect trigger="onSelfBuffUpdate" action="ShowToolbeltMessage" message="Are you playing 17.1?">
          <requirement name="RandomRoll" seed_type="Random" target="self" min_max="0,100" operation="LTE" value="10"/>
        </triggered_effect>
        <triggered_effect trigger="onSelfBuffUpdate" action="ShowToolbeltMessage" message="All your armor, tools and weapons are flawless and loaded full of mods?">
          <requirement name="RandomRoll" seed_type="Random" target="self" min_max="0,100" operation="LTE" value="10"/>
        </triggered_effect>
        <triggered_effect trigger="onSelfBuffUpdate" action="ShowToolbeltMessage" message="Good point, I'll add that in.">
          <requirement name="RandomRoll" seed_type="Random" target="self" min_max="0,100" operation="LTE" value="10"/>
        </triggered_effect>
        <triggered_effect trigger="onSelfBuffUpdate" action="ShowToolbeltMessage" message="Hey guys and gals...">
          <requirement name="RandomRoll" seed_type="Random" target="self" min_max="0,100" operation="LTE" value="10"/>
        </triggered_effect>
        <triggered_effect trigger="onSelfBuffUpdate" action="ShowToolbeltMessage" message="We barely tweaked it. BARELY.">
          <requirement name="RandomRoll" seed_type="Random" target="self" min_max="0,100" operation="LTE" value="10"/>
        </triggered_effect>
        <triggered_effect trigger="onSelfBuffUpdate" action="ShowToolbeltMessage" message="And Ark. Its pretty common to die about 50 times the first few hours of that game.">
          <requirement name="RandomRoll" seed_type="Random" target="self" min_max="0,100" operation="LTE" value="10"/>
        </triggered_effect>
        <triggered_effect trigger="onSelfBuffUpdate" action="ShowToolbeltMessage" message="I read your big rant. The funny thing is no matter how you say it, its still fundamentally the same.">
          <requirement name="RandomRoll" seed_type="Random" target="self" min_max="0,100" operation="LTE" value="10"/>
        </triggered_effect>
        <triggered_effect trigger="onSelfBuffUpdate" action="ShowToolbeltMessage" message="Sounds like a bug, we'll look into it.">
          <requirement name="RandomRoll" seed_type="Random" target="self" min_max="0,100" operation="LTE" value="10"/>
        </triggered_effect>
        <triggered_effect trigger="onSelfBuffUpdate" action="ShowToolbeltMessage" message="I don't know off hand, but we're not done with weather.">
          <requirement name="RandomRoll" seed_type="Random" target="self" min_max="0,100" operation="LTE" value="10"/>
        </triggered_effect>
        <triggered_effect trigger="onSelfBuffUpdate" action="ShowToolbeltMessage" message="Go play fallout new vegas which is THE father of survival games...">
          <requirement name="RandomRoll" seed_type="Random" target="self" min_max="0,100" operation="LTE" value="10"/>
        </triggered_effect>
        <triggered_effect trigger="onSelfBuffUpdate" action="ShowToolbeltMessage" message="You've got to be kidding. What part of 'The Survival HORDE Crafting Game'...">
          <requirement name="RandomRoll" seed_type="Random" target="self" min_max="0,100" operation="LTE" value="10"/>
        </triggered_effect>
        <triggered_effect trigger="onSelfBuffUpdate" action="ShowToolbeltMessage" message="In real life and in the game, if you suck at something you suck at it.">
          <requirement name="RandomRoll" seed_type="Random" target="self" min_max="0,100" operation="LTE" value="10"/>
        </triggered_effect>
        <triggered_effect trigger="onSelfBuffUpdate" action="ShowToolbeltMessage" message="I haven't died on a horde yet">
          <requirement name="RandomRoll" seed_type="Random" target="self" min_max="0,100" operation="LTE" value="10"/>
        </triggered_effect>
        <triggered_effect trigger="onSelfBuffUpdate" action="ShowToolbeltMessage" message="Its a fictional game. Who says the virus or radiation can't make their bones stronger?">
          <requirement name="RandomRoll" seed_type="Random" target="self" min_max="0,100" operation="LTE" value="10"/>
        </triggered_effect>
        <triggered_effect trigger="onSelfBuffUpdate" action="ShowToolbeltMessage" message="What nerf? I doubled...">
          <requirement name="RandomRoll" seed_type="Random" target="self" min_max="0,100" operation="LTE" value="10"/>
        </triggered_effect>
        <triggered_effect trigger="onSelfBuffUpdate" action="ShowToolbeltMessage" message="This is complete bs. In alpha 8-11 zombies dug under ground, under your base, and shredded forts.">
          <requirement name="RandomRoll" seed_type="Random" target="self" min_max="0,100" operation="LTE" value="10"/>
        </triggered_effect>
        <triggered_effect trigger="onSelfBuffUpdate" action="ShowToolbeltMessage" message="A destroyable world like minecraft meets a post apocalypse like fallout,... (sic)">
          <requirement name="RandomRoll" seed_type="Random" target="self" min_max="0,100" operation="LTE" value="10"/>
        </triggered_effect>
        <triggered_effect trigger="onSelfBuffUpdate" action="ShowToolbeltMessage" message="Into your Pimp-Boy :)">
          <requirement name="RandomRoll" seed_type="Random" target="self" min_max="0,100" operation="LTE" value="10"/>
        </triggered_effect>
        <triggered_effect trigger="onSelfBuffUpdate" action="ShowToolbeltMessage" message="Maybe your sister was cooking and she got killed right before you spawned">
          <requirement name="RandomRoll" seed_type="Random" target="self" min_max="0,100" operation="LTE" value="10"/>
        </triggered_effect>
        <triggered_effect trigger="onSelfBuffUpdate" action="ShowToolbeltMessage" message="Maybe your parents were survival nuts and you had a bunker full of canned...">
          <requirement name="RandomRoll" seed_type="Random" target="self" min_max="0,100" operation="LTE" value="10"/>
        </triggered_effect>
        <!-- <triggered_effect trigger="onSelfBuffUpdate" action="ShowToolbeltMessage" message="xxxx">
          <requirement name="RandomRoll" seed_type="Random" target="self" min_max="0,100" operation="LTE" value="10"/>
        </triggered_effect> -->
      </effect_group>

    </buff>

    <buff name="Spicy Burn" name_key="Spicy Burn" description_key="I've eaten something very spicy and it burns really bad." icon="ui_game_symbol_talk" icon_color="255,0,0">
      <duration value="120"/>
      <stack_type value="duration" />
      <update_rate value="30"/>

      <effect_group>

        <triggered_effect trigger="onSelfBuffStart" action="ShowToolbeltMessage" message="Not a smart idea to eat that. It was really HOT!!!!"/>
        <triggered_effect trigger="onSelfBuffStack" action="ShowToolbeltMessage" message="Why do I keep eating these things, they are killing me!!!!"/>
        <triggered_effect trigger="onSelfBuffUpdate" action="ShowToolbeltMessage" message="My mouth is on fire!!!!"/>
        <triggered_effect trigger="onSelfBuffRemove" action="ShowToolbeltMessage" message="I will never eat THAT again..."/>

        <passive_effect name="AttributeLevel" tags="attPerception" operation="base_subtract" value="1" />
        <triggered_effect trigger="onSelfBuffStart" action="AddBuff" target="self" buff="buffPerkAbilityUpdate" />
        <triggered_effect trigger="onSelfBuffRemove" action="AddBuff" target="self" buff="buffPerkAbilityUpdate" />

        <passive_effect name="WaterLossPerStaminaPointGained" operation="perc_add" value="3" />
        <triggered_effect trigger="onSelfBuffStart" action="ModifyScreenEffect" intensity="0.4" fade="2" effect_name="Hot" />
        <triggered_effect trigger="onSelfBuffRemove" action="ModifyScreenEffect" intensity="0" fade="1" effect_name="Hot" />

        <triggered_effect trigger="onSelfBuffUpdate" action="PlaySound" target="self" sound="player1sick" play_in_head="true">
          <requirement name="IsMale" />
        </triggered_effect>
        <triggered_effect trigger="onSelfBuffUpdate" action="PlaySound" target="self" sound="player2sick" play_in_head="true">
          <requirement name="IsMale" invert="true" />
        </triggered_effect>
      </effect_group>

    </buff>

    <!-- *********************** Drink Buffs *********************** -->

    <buff name="Vitamin C" name_key="Vitamin C" description_key="Orange Juice protects your body from mild conditions." icon="ui_game_symbol_pills">
      <damage_type value="Disease"/>
      <stack_type value="replace"/>
      <duration value="120"/>
      <update_rate value="29"/>

      <effect_group name="Cure Infection 0">
        <requirement name="HasBuff" buff="buffIllInfection0"/>
        <requirement name="RandomRoll" seed_type="Random" target="self" min_max="0,100" operation="LTE" value="20"/>
          <triggered_effect trigger="onSelfBuffUpdate" action="RemoveBuff" target="self" buff="buffIllInfection0"/>
      </effect_group>

      <effect_group name="Cure Dysentery 0">
        <requirement name="HasBuff" buff="buffIllDysentery0"/>
        <requirement name="RandomRoll" seed_type="Random" target="self" min_max="0,100" operation="LTE" value="20"/>
          <triggered_effect trigger="onSelfBuffUpdate" action="RemoveBuff" target="self" buff="buffIllDysentery0"/>
      </effect_group>

      <effect_group name="Cure Food Poisoning 0">
        <requirement name="HasBuff" buff="buffIllFoodPoisoning0"/>
        <requirement name="RandomRoll" seed_type="Random" target="self" min_max="0,100" operation="LTE" value="20"/>
          <triggered_effect trigger="onSelfBuffUpdate" action="RemoveBuff" target="self" buff="buffIllFoodPoisoning0"/>
      </effect_group>

      <effect_group name="Cure Pneumonia 0">
        <requirement name="HasBuff" buff="buffIllPneumonia0"/>
        <requirement name="RandomRoll" seed_type="Random" target="self" min_max="0,100" operation="LTE" value="20"/>
          <triggered_effect trigger="onSelfBuffUpdate" action="RemoveBuff" target="self" buff="buffIllPneumonia0"/>
      </effect_group>
    </buff>

    <buff name="Vitamin B" name_key="Vitamin B" description_key="Liquid Veg gives increased Stamina regeneration." icon="ui_game_symbol_cardio">
      <damage_type value="Disease"/>
      <stack_type value="replace"/>
      <duration value="120"/>
      <effect_group>
        <passive_effect name="StaminaChangeOT" operation="perc_add" value="0.35" />
      </effect_group>
    </buff>

    <buff name="Sugar Rush" name_key="Sugar Rush" description_key="Coolaid gives you a boost to your carry capacity." icon="ui_game_symbol_muscle">
      <damage_type value="Disease"/>
      <stack_type value="replace"/>
      <duration value="120"/>
      <effect_group>
  			<passive_effect name="CarryCapacity" operation="base_add" value="4" />
      </effect_group>
    </buff>

    <buff name="Strong Bones" name_key="Strong Bones" description_key="Milk can help heal your bones. If broken they will become splinted. If sprained you are healed." icon="ui_game_symbol_splint">
      <damage_type value="Disease"/>
      <stack_type value="replace"/>
      <duration value="120"/>
      <effect_group tiered="false">
    		<triggered_effect trigger="onSelfPrimaryActionEnd" action="AddBuff" target="self" buff="buffLegSplinted">
    			<requirement name="HasBuff" target="self" buff="buffLegBroken" />
    		</triggered_effect>
    		<triggered_effect trigger="onSelfPrimaryActionEnd" action="AddBuff" target="self" buff="buffArmSplinted">
    			<requirement name="HasBuff" target="self" buff="buffArmBroken" />
    		</triggered_effect>
    	</effect_group>
      <effect_group tiered="false">
    		<triggered_effect trigger="onSelfPrimaryActionEnd" action="RemoveBuff" target="self" buff="buffLegSprained">
    		</triggered_effect>
    		<triggered_effect trigger="onSelfPrimaryActionEnd" action="RemoveBuff" target="self" buff="buffLegSprained">
    		</triggered_effect>
    	</effect_group>
    </buff>

    <!-- *********************** Drink Buffs *********************** -->

    <!-- *********************** Drunk Buffs *********************** -->

    <!-- Beer -->
    <buff modTag="isDrunkBuff" name="Beer Lover" description_key="I've been drinking some craft quality beer. Bonus fist damage. Stam regen. Stun resist." icon="ui_game_symbol_beer">
      <!-- Screen effect and messages  -->
      <effect_group modTag="drunkEffect0">
        <requirement name="NotHasBuff" buff="Redneck" />
        <requirement name="NotHasBuff" buff="Wine Connoisseur" />
        <requirement name="NotHasBuff" buff="Mixed Drink" />
        <triggered_effect trigger="onSelfBuffStart" action="ShowToolbeltMessage" message="I love tasty craft beer"/>
        <triggered_effect trigger="onSelfBuffStart" action="ModifyCVar" cvar="beerBuffCount" operation="set" value="0"/>
        <triggered_effect trigger="onSelfBuffStack" action="ModifyCVar" cvar="beerBuffCount" operation="add" value="1"/>
        <triggered_effect trigger="onSelfBuffRemove" action="ModifyCVar" cvar="beerBuffCount" operation="set" value="0"/>
      </effect_group>
      <effect_group modTag="drunkEffect1">
        <requirement name="CVarCompare" cvar="beerBuffCount" />
        <triggered_effect trigger="onSelfBuffStack" action="ShowToolbeltMessage" message="This is amazing beer"/>
      </effect_group>
      <effect_group modTag="drunkEffect2">
        <requirement name="CVarCompare" cvar="beerBuffCount" />
        <triggered_effect trigger="onSelfBuffStack" action="ShowToolbeltMessage" message="Beer 30 where are my friends?"/>
      </effect_group>
      <effect_group modTag="drunkEffect3">
        <requirement name="CVarCompare" cvar="beerBuffCount" />
        <triggered_effect trigger="onSelfBuffStack" action="ShowToolbeltMessage" message="I had a rough day"/>
      </effect_group>
      <effect_group modTag="drunkEffect4">
        <requirement name="CVarCompare" cvar="beerBuffCount" />
        <triggered_effect trigger="onSelfBuffStack" action="ShowToolbeltMessage" message="I like this beer...too much..."/>
      </effect_group>
      <effect_group  modTag="drunkEffect5">
        <requirement name="CVarCompare" cvar="beerBuffCount" />
        <triggered_effect trigger="onSelfBuffStack" action="ShowToolbeltMessage" message="I should probably stop..."/>
      </effect_group>
      <effect_group modTag="drunkEffect6">
        <requirement name="CVarCompare" cvar="beerBuffCount" />
        <triggered_effect trigger="onSelfBuffStack" action="ShowToolbeltMessage" message="Ok that was too many..."/>
      </effect_group>
      <effect_group modTag="drunkEffect7">
        <requirement name="CVarCompare" cvar="beerBuffCount" />
        <triggered_effect trigger="onSelfBuffStack" action="ShowToolbeltMessage" message="I'm totally wasted!"/>
      </effect_group>
      <!-- Buffs -->
      <effect_group modTag="drunkBuff">
        <requirement name="CVarCompare" cvar="beerBuffCount" />
        <passive_effect name="EntityDamage" operation="perc_add" value="3">
          <requirement name="HoldingItemHasTags" tags="fists" />
        </passive_effect>
        <passive_effect name="StaminaChangeOT" operation="perc_add" value="0.35" />
        <passive_effect name="BuffResistance" operation="base_add" value="1" tags="buffInjuryStunned1" />
      </effect_group>
      <!-- Debuff  -->
      <effect_group modTag="drunkDebuff1">
        <requirement name="CVarCompare" cvar="beerBuffCount" />
      </effect_group>
      <effect_group modTag="drunkDebuff2">
        <requirement name="CVarCompare" cvar="beerBuffCount" />
      </effect_group>
      <effect_group modTag="drunkDebuff3">
        <requirement name="CVarCompare" cvar="beerBuffCount"/>
      </effect_group>
    </buff>

    <!-- Cheap Beer -->
    <buff modTag="isDrunkBuff" name="Redneck" description_key="I been drinkin sum beer. Lots of fist damage. Stam regen. Stun resist." icon="ui_game_symbol_beer">
      <!-- Screen effect and messages  -->
      <effect_group modTag="drunkEffect0">
        <requirement name="NotHasBuff" buff="Beer Lover" />
        <requirement name="NotHasBuff" buff="Wine Connoisseur" />
        <requirement name="NotHasBuff" buff="Mixed Drink" />
        <triggered_effect trigger="onSelfBuffStart" action="ShowToolbeltMessage" message="We about to have some fun here boys!"/>
        <triggered_effect trigger="onSelfBuffStart" action="ModifyCVar" cvar="cheapBeerBuffCount" operation="set" value="0"/>
        <triggered_effect trigger="onSelfBuffStack" action="ModifyCVar" cvar="cheapBeerBuffCount" operation="add" value="1"/>
        <triggered_effect trigger="onSelfBuffRemove" action="ModifyCVar" cvar="cheapBeerBuffCount" operation="set" value="0"/>
      </effect_group>
      <effect_group modTag="drunkEffect1">
        <requirement name="CVarCompare" cvar="cheapBeerBuffCount" />
        <triggered_effect trigger="onSelfBuffStack" action="ShowToolbeltMessage" message="I wish they made these in tallboy cans!"/>
      </effect_group>
      <effect_group modTag="drunkEffect2">
        <requirement name="CVarCompare" cvar="cheapBeerBuffCount" />
        <triggered_effect trigger="onSelfBuffStack" action="ShowToolbeltMessage" message="Where all the women at..."/>
      </effect_group>
      <effect_group modTag="drunkEffect3">
        <requirement name="CVarCompare" cvar="cheapBeerBuffCount" />
        <triggered_effect trigger="onSelfBuffStack" action="ShowToolbeltMessage" message="Lets go shoot sum guns!"/>
      </effect_group>
      <effect_group modTag="drunkEffect4">
        <requirement name="CVarCompare" cvar="cheapBeerBuffCount" />
        <triggered_effect trigger="onSelfBuffStack" action="ShowToolbeltMessage" message="About time we started this party."/>
      </effect_group>
      <effect_group  modTag="drunkEffect5">
        <requirement name="CVarCompare" cvar="cheapBeerBuffCount" />
        <triggered_effect trigger="onSelfBuffStack" action="ShowToolbeltMessage" message="Where in the hell did I put my truck keys?"/>
      </effect_group>
      <effect_group modTag="drunkEffect6">
        <requirement name="CVarCompare" cvar="cheapBeerBuffCount" />
        <triggered_effect trigger="onSelfBuffStack" action="ShowToolbeltMessage" message="Thats right fellas, let go riding around in my 4x4!"/>
      </effect_group>
      <effect_group modTag="drunkEffect7">
        <requirement name="CVarCompare" cvar="cheapBeerBuffCount" />
        <triggered_effect trigger="onSelfBuffStack" action="ShowToolbeltMessage" message="Who kicked me!"/>
      </effect_group>
      <!-- Buffs -->
      <effect_group modTag="drunkBuff">
        <requirement name="CVarCompare" cvar="cheapBeerBuffCount" />
        <passive_effect name="EntityDamage" operation="perc_add" value="5">
          <requirement name="HoldingItemHasTags" tags="fists" />
        </passive_effect>
        <passive_effect name="StaminaChangeOT" operation="perc_add" value="0.1" />
        <passive_effect name="BuffResistance" operation="base_add" value="1" tags="buffInjuryStunned1" />
      </effect_group>
      <!-- Debuff  -->
      <effect_group modTag="drunkDebuff1">
        <requirement name="CVarCompare" cvar="cheapBeerBuffCount" />
      </effect_group>
      <effect_group modTag="drunkDebuff2">
        <requirement name="CVarCompare" cvar="cheapBeerBuffCount" />
      </effect_group>
      <effect_group modTag="drunkDebuff3">
        <requirement name="CVarCompare" cvar="cheapBeerBuffCount"/>
      </effect_group>
    </buff>

    <!-- Wine -->
    <buff modTag="isDrunkBuff" name="Wine Connoisseur" description_key="A nice big wine with excellent heft. I'm more suave than ever. Bonus to traders and being around my friends." icon="ui_game_symbol_beer">
      <!-- Screen effect and messages  -->
      <effect_group modTag="drunkEffect0">
        <requirement name="NotHasBuff" buff="Beer Lover" />
        <requirement name="NotHasBuff" buff="Redneck" />
        <requirement name="NotHasBuff" buff="Mixed Drink" />
        <triggered_effect trigger="onSelfBuffStart" action="ShowToolbeltMessage" message="I thought this wine was dark, dusky, and supple"/>
        <triggered_effect trigger="onSelfBuffStart" action="ModifyCVar" cvar="wineBuffCount" operation="set" value="0"/>
        <triggered_effect trigger="onSelfBuffStack" action="ModifyCVar" cvar="wineBuffCount" operation="add" value="1"/>
        <triggered_effect trigger="onSelfBuffRemove" action="ModifyCVar" cvar="wineBuffCount" operation="set" value="0"/>
      </effect_group>
      <effect_group modTag="drunkEffect1">
        <requirement name="CVarCompare" cvar="wineBuffCount" />
        <triggered_effect trigger="onSelfBuffStack" action="ShowToolbeltMessage" message="Just as the cork protects the wine.."/>
      </effect_group>
      <effect_group modTag="drunkEffect2">
        <requirement name="CVarCompare" cvar="wineBuffCount" />
        <triggered_effect trigger="onSelfBuffStack" action="ShowToolbeltMessage" message="Cork Master will hope to protect the wine club.."/>
      </effect_group>
      <effect_group modTag="drunkEffect3">
        <requirement name="CVarCompare" cvar="wineBuffCount" />
        <triggered_effect trigger="onSelfBuffStack" action="ShowToolbeltMessage" message="from the forces of metaphorical oxidation!"/>
      </effect_group>
      <effect_group modTag="drunkEffect4">
        <requirement name="CVarCompare" cvar="wineBuffCount" />
        <triggered_effect trigger="onSelfBuffStack" action="ShowToolbeltMessage" message="Is this an Australian Shiraz?"/>
      </effect_group>
      <effect_group  modTag="drunkEffect5">
        <requirement name="CVarCompare" cvar="wineBuffCount" />
        <triggered_effect trigger="onSelfBuffStack" action="ShowToolbeltMessage" message="These tannins are affecting me"/>
      </effect_group>
      <effect_group modTag="drunkEffect6">
        <requirement name="CVarCompare" cvar="wineBuffCount" />
        <triggered_effect trigger="onSelfBuffStack" action="ShowToolbeltMessage" message="When in Rome!"/>
      </effect_group>
      <effect_group modTag="drunkEffect7">
        <requirement name="CVarCompare" cvar="wineBuffCount" />
        <triggered_effect trigger="onSelfBuffStack" action="ShowToolbeltMessage" message="That wine spent less time in the bottle than in your mouth!"/>
      </effect_group>
      <!-- Buffs -->
      <effect_group modTag="drunkBuff">
        <requirement name="CVarCompare" cvar="wineBuffCount" />
        <passive_effect name="PerkLevel" operation="base_add" value="1" tags="perkBetterBarter,perkCharismaticNature" />
      </effect_group>
      <!-- Debuff  -->
      <effect_group modTag="drunkDebuff1">
        <requirement name="CVarCompare" cvar="wineBuffCount" />
      </effect_group>
      <effect_group modTag="drunkDebuff2">
        <requirement name="CVarCompare" cvar="wineBuffCount" />
      </effect_group>
      <effect_group modTag="drunkDebuff3">
        <requirement name="CVarCompare" cvar="wineBuffCount"/>
      </effect_group>
    </buff>

    <!-- Mixed Drink -->
    <buff modTag="isDrunkBuff" name="Mixed Drink" description_key="I've been exploring some mixology. Bonus Strength and Perception." icon="ui_game_symbol_beer">
      <!-- Screen effect and messages  -->
      <effect_group modTag="drunkEffect0">
        <requirement name="NotHasBuff" buff="Beer Lover" />
        <requirement name="NotHasBuff" buff="Redneck" />
        <requirement name="NotHasBuff" buff="Wine Connoisseur" />
        <triggered_effect trigger="onSelfBuffStart" action="ShowToolbeltMessage" message="Is this a well pour?"/>
        <triggered_effect trigger="onSelfBuffStart" action="ModifyCVar" cvar="mixedDrinkBuffCount" operation="set" value="0"/>
        <triggered_effect trigger="onSelfBuffStack" action="ModifyCVar" cvar="mixedDrinkBuffCount" operation="add" value="1"/>
        <triggered_effect trigger="onSelfBuffRemove" action="ModifyCVar" cvar="mixedDrinkBuffCount" operation="set" value="0"/>
      </effect_group>
      <effect_group modTag="drunkEffect1">
        <requirement name="CVarCompare" cvar="mixedDrinkBuffCount" />
        <triggered_effect trigger="onSelfBuffStack" action="ShowToolbeltMessage" message="I like the taste of this drink actually."/>
      </effect_group>
      <effect_group modTag="drunkEffect2">
        <requirement name="CVarCompare" cvar="mixedDrinkBuffCount" />
        <triggered_effect trigger="onSelfBuffStack" action="ShowToolbeltMessage" message="I should go talk to them"/>
      </effect_group>
      <effect_group modTag="drunkEffect3">
        <requirement name="CVarCompare" cvar="mixedDrinkBuffCount" />
        <triggered_effect trigger="onSelfBuffStack" action="ShowToolbeltMessage" message="Hey, whats your symbol?"/>
      </effect_group>
      <effect_group modTag="drunkEffect4">
        <requirement name="CVarCompare" cvar="mixedDrinkBuffCount" />
        <triggered_effect trigger="onSelfBuffStack" action="ShowToolbeltMessage" message="I bet you'd like to get to know me better"/>
      </effect_group>
      <effect_group  modTag="drunkEffect5">
        <requirement name="CVarCompare" cvar="mixedDrinkBuffCount" />
        <triggered_effect modTag="messageStack" trigger="onSelfBuffStack" action="ShowToolbeltMessage" message="Listen, you don't know me but I'm definitely in love"/>
      </effect_group>
      <effect_group modTag="drunkEffect6">
        <requirement name="CVarCompare" cvar="mixedDrinkBuffCount" />
        <triggered_effect trigger="onSelfBuffStack" action="ShowToolbeltMessage" message="You really must marry me"/>
      </effect_group>
      <effect_group modTag="drunkEffect7">
        <requirement name="CVarCompare" cvar="mixedDrinkBuffCount" />
        <triggered_effect trigger="onSelfBuffStack" action="ShowToolbeltMessage" message="I'll blackout and puke now, sorry about the shoes"/>
      </effect_group>
      <!-- Buffs -->
      <effect_group modTag="drunkBuff">
        <requirement name="CVarCompare" cvar="mixedDrinkBuffCount" />
        <passive_effect name="AttributeLevel" operation="base_add" value="1" tags="attStrength,attPerception" />
      </effect_group>
      <!-- Debuff  -->
      <effect_group modTag="drunkDebuff1">
        <requirement name="CVarCompare" cvar="mixedDrinkBuffCount" />
      </effect_group>
      <effect_group modTag="drunkDebuff2">
        <requirement name="CVarCompare" cvar="mixedDrinkBuffCount" />
      </effect_group>
      <effect_group modTag="drunkDebuff3">
        <requirement name="CVarCompare" cvar="mixedDrinkBuffCount"/>
      </effect_group>
    </buff>

    <buff name="Falling Down Drunk" description_key="I'm totally pissed." icon="ui_game_symbol_skull">
      <duration value="2" />
      <stack_type value="ignore" />
      <effect_group>
        <!-- <triggered_effect trigger="onSelfBuffUpdate" action="Ragdoll" target="self" duration="1" /> -->
        <triggered_effect trigger="onSelfBuffRemove" action="Ragdoll" target="self" duration="1" />
        <triggered_effect trigger="onSelfBuffFinish" action="Ragdoll" target="self" duration="1" />
      </effect_group>
    </buff>
  </append>

  <!-- Drunk Buff  -->
  <append xpath="/buffs/buff[contains(@modTag,'isDrunkBuff')]">
    <damage_type value="disease" />
    <stack_type value="duration" />
    <duration value="30" />
  </append>

  <!-- Drunk Effect 0 -->
  <append xpath="/buffs/buff/effect_group[contains(@modTag,'drunkEffect0')]">
    <triggered_effect trigger="onSelfBuffRemove" action="ModifyScreenEffect" intensity="0" effect_name="Drunk" />
    <triggered_effect trigger="onSelfBuffStart" action="ModifyScreenEffect" intensity="0.05" effect_name="Drunk"/>
  </append>

  <setattribute xpath="/buffs/buff/effect_group[contains(@modTag,'drunkEffect1')]/requirement[@name='CVarCompare']" name="operation">Equals</setattribute>
  <setattribute xpath="/buffs/buff/effect_group[contains(@modTag,'drunkEffect1')]/requirement[@name='CVarCompare']" name="value">1</setattribute>
  <append xpath="/buffs/buff/effect_group[contains(@modTag,'drunkEffect1')]">
    <triggered_effect trigger="onSelfBuffStack" action="ModifyScreenEffect" intensity="0.07" effect_name="Drunk"/>
  </append>

  <setattribute xpath="/buffs/buff/effect_group[contains(@modTag,'drunkEffect2')]/requirement[@name='CVarCompare']" name="operation">Equals</setattribute>
  <setattribute xpath="/buffs/buff/effect_group[contains(@modTag,'drunkEffect2')]/requirement[@name='CVarCompare']" name="value">2</setattribute>
  <append xpath="/buffs/buff/effect_group[contains(@modTag,'drunkEffect2')]">
    <triggered_effect trigger="onSelfBuffStack" action="ModifyScreenEffect" intensity="0.09" effect_name="Drunk"/>
  </append>

  <setattribute xpath="/buffs/buff/effect_group[contains(@modTag,'drunkEffect3')]/requirement[@name='CVarCompare']" name="operation">Equals</setattribute>
  <setattribute xpath="/buffs/buff/effect_group[contains(@modTag,'drunkEffect3')]/requirement[@name='CVarCompare']" name="value">3</setattribute>
  <append xpath="/buffs/buff/effect_group[contains(@modTag,'drunkEffect3')]">
    <triggered_effect trigger="onSelfBuffStack" action="ModifyScreenEffect" intensity="0.11" effect_name="Drunk"/>
  </append>

  <setattribute xpath="/buffs/buff/effect_group[contains(@modTag,'drunkEffect4')]/requirement[@name='CVarCompare']" name="operation">Equals</setattribute>
  <setattribute xpath="/buffs/buff/effect_group[contains(@modTag,'drunkEffect4')]/requirement[@name='CVarCompare']" name="value">4</setattribute>
  <append xpath="/buffs/buff/effect_group[contains(@modTag,'drunkEffect4')]">
    <triggered_effect trigger="onSelfBuffStack" action="ModifyScreenEffect" intensity="0.16" effect_name="Drunk"/>
  </append>

  <setattribute xpath="/buffs/buff/effect_group[contains(@modTag,'drunkEffect5')]/requirement[@name='CVarCompare']" name="operation">Equals</setattribute>
  <setattribute xpath="/buffs/buff/effect_group[contains(@modTag,'drunkEffect5')]/requirement[@name='CVarCompare']" name="value">5</setattribute>
  <append xpath="/buffs/buff/effect_group[contains(@modTag,'drunkEffect5')]">
    <triggered_effect trigger="onSelfBuffStack" action="ModifyScreenEffect" intensity="0.21" effect_name="Drunk"/>
  </append>

  <setattribute xpath="/buffs/buff/effect_group[contains(@modTag,'drunkEffect6')]/requirement[@name='CVarCompare']" name="operation">Equals</setattribute>
  <setattribute xpath="/buffs/buff/effect_group[contains(@modTag,'drunkEffect6')]/requirement[@name='CVarCompare']" name="value">6</setattribute>
  <append xpath="/buffs/buff/effect_group[contains(@modTag,'drunkEffect6')]">
    <triggered_effect trigger="onSelfBuffStack" action="ModifyScreenEffect" intensity="0.26" effect_name="Drunk"/>
  </append>

  <setattribute xpath="/buffs/buff/effect_group[contains(@modTag,'drunkEffect7')]/requirement[@name='CVarCompare']" name="operation">GTE</setattribute>
  <setattribute xpath="/buffs/buff/effect_group[contains(@modTag,'drunkEffect7')]/requirement[@name='CVarCompare']" name="value">7</setattribute>
  <append xpath="/buffs/buff/effect_group[contains(@modTag,'drunkEffect7')]">
    <triggered_effect trigger="onSelfBuffStack" action="ModifyScreenEffect" intensity="0.33" effect_name="Drunk"/>
    <triggered_effect trigger="onSelfBuffStack" action="AddBuff" target="self" buff="Falling Down Drunk" />
    <triggered_effect trigger="onSelfBuffUpdate" action="AddBuff" target="self" buff="Falling Down Drunk">
      <requirement name="RandomRoll" seed_type="Random" target="self" min_max="0,100" operation="LTE" value="10" />
    </triggered_effect>

  </append>

  <!-- Drunk Buff -->
  <setattribute xpath="/buffs/buff/effect_group[contains(@modTag,'drunkBuff')]/requirement[@name='CVarCompare']" name="operation">LTE</setattribute>
  <setattribute xpath="/buffs/buff/effect_group[contains(@modTag,'drunkBuff')]/requirement[@name='CVarCompare']" name="value">2</setattribute>

  <!-- Drunk Debuff Level 1 -->
  <setattribute xpath="/buffs/buff/effect_group[contains(@modTag,'drunkDebuff1')]/requirement[@name='CVarCompare']" name="operation">GTE</setattribute>
  <setattribute xpath="/buffs/buff/effect_group[contains(@modTag,'drunkDebuff1')]/requirement[@name='CVarCompare']" name="value">3</setattribute>
  <append xpath="/buffs/buff/effect_group[contains(@modTag,'drunkDebuff1')]">
    <passive_effect name="AttributeLevel" operation="base_subtract" value="1" tags="attIntellect" />
  </append>

  <!-- Drunk Debuff Level 2 -->
  <setattribute xpath="/buffs/buff/effect_group[contains(@modTag,'drunkDebuff2')]/requirement[@name='CVarCompare']" name="operation">GTE</setattribute>
  <setattribute xpath="/buffs/buff/effect_group[contains(@modTag,'drunkDebuff2')]/requirement[@name='CVarCompare']" name="value">4</setattribute>
  <append xpath="/buffs/buff/effect_group[contains(@modTag,'drunkDebuff2')]">
    <passive_effect name="AttributeLevel" operation="base_subtract" value="1" tags="attIntellect" />
    <passive_effect name="AttributeLevel" operation="base_subtract" value="1" tags="attPerception" />
  </append>

  <!-- Drunk Debuff Level 3 -->
  <setattribute xpath="/buffs/buff/effect_group[contains(@modTag,'drunkDebuff3')]/requirement[@name='CVarCompare']" name="operation">GTE</setattribute>
  <setattribute xpath="/buffs/buff/effect_group[contains(@modTag,'drunkDebuff3')]/requirement[@name='CVarCompare']" name="value">6</setattribute>
  <append xpath="/buffs/buff/effect_group[contains(@modTag,'drunkDebuff3')]">
    <passive_effect name="AttributeLevel" operation="base_subtract" value="1" tags="attIntellect" />
    <passive_effect name="AttributeLevel" operation="base_subtract" value="1" tags="attPerception" />
    <passive_effect name="AttributeLevel" operation="base_subtract" value="3" tags="attFortitude" />
    <passive_effect name="BuffResistance" operation="base_subtract" value="10" tags="buffArmBroken,buffInjuryStunned1,buffInjuryStunned2,buffInjuryCrippled1,buffInjuryKnockdown1,buffInjuryKnockdown1,buffInjuryUnconscious,buffStayDownKO" />
  </append>

  <!-- *********************** Drunk Buffs *********************** -->

<!--
  <append xpath="/buffs/buff[@name='buffStatusCheck']">
    <effect_group>
      <requirement name="CVarCompare" cvar="_notAlerted" operation="Equals" value="1" />
      <triggered_effect trigger="onSelfBuffUpdate" action="RemoveBuff" target="self" buff="Tracked" />
    </effect_group>

    <effect_group>
      <requirement name="CVarCompare" cvar="_notAlerted" operation="Equals" value="0" />
      <triggered_effect trigger="onSelfBuffUpdate" action="AddBuff" target="self" buff="Tracked" />
    </effect_group>
  </append>

  <buff name="Tracked" description_key="You are being tracked!">
    <duration value="99999" />
    <effect_group>
      <triggered_effect trigger="onSelfBuffStart" action="ShowToolbeltMessage" message="You are being tracked."/>
      <triggered_effect trigger="onSelfBuffRemove" action="ShowToolbeltMessage" message="You are clear now."/>
    </effect_group>
  </buff> -->

</configs>
