<!--
Tiered Food
1 - Plant, basic (flour + dry)
2 - Tier One Food, no poison no health
3 - Tier Two Food, more food/water and gives health
4 - Tier Three Food, Refined+10
5 - Tier Four Food, Refined+25
6 - Tier Five Food, Refined+100

plant/fruit
tierOneFood
tierTwoFood
tierThreeFood
tierFourFood
tierFiveFood
-->
<configs>

  <!-- Base Items -->
  <append xpath="/items">
    <item name="base_food_water" modTag="cookingTool,noicon">
      <property name="CreativeMode" value="None"/>
      <property name="EconomicValue" value="5" />
      <property name="EconomicBundleSize" value="5" />
      <property name="CraftingIngredientTime" value="20" />
    </item>
    <item name="base_food" modTag="cookingTool,noicon">
      <property name="CreativeMode" value="None"/>
      <property name="Extends" value="base_food_water" />
      <property name="HoldType" value="31" />
      <property name="DisplayType" value="food" />
      <property name="Meshfile" value="Items/Misc/parcelPrefab" />
      <property name="DropMeshfile" value="Items/Misc/sack_droppedPrefab" />
      <property name="Material" value="MresourceCrop" />
      <property name="Weight" value="5" />
      <property class="Action0">
        <property name="Class" value="Eat" />
        <property name="Delay" value="1.0" />
        <property name="Sound_start" value="player_eating" />
      </property>
      <property name="Group" value="Food/Cooking" />
    </item>
    <item name="base_water" modTag="cookingTool,noicon">
      <property name="CreativeMode" value="None"/>
      <property name="Extends" value="base_food_water" />
      <property name="HoldType" value="3" />
      <property name="DisplayType" value="water" />
      <property name="Meshfile" value="Items/Food/bottled_waterPrefab" />
      <property name="DropMeshfile" value="Items/Misc/sack_droppedPrefab" />
      <property name="Material" value="Mglass" />
      <property name="Weight" value="10" />
      <property class="Action0">
        <property name="Class" value="Eat" />
        <property name="Delay" value="2" />
        <property name="Use_time" value="..." />
        <property name="Sound_start" value="player_drinking" />
        <property name="Create_item" value="drinkJarEmpty" />
      </property>
      <effect_group tiered="false">
        <requirement name="HasBuff" buff="buffIsOnFire" />
          <triggered_effect trigger="onSelfPrimaryActionEnd" action="AddBuff" target="self" buff="buffExtinguishFire" />
      </effect_group>
    </item>
  </append>

  <append xpath="/items">

    <!-- Recipes -->
    <item name="Home Brewer's Guide" modTag="recipeQuest">
      <property name="DescriptionKey" value="Brewing!"/>
      <property class="Action0">
        <property name="QuestGiven" value="brewing_guide_1"/>
      </property>
    </item>
    <item name="Raising Livestock (Pens)" modTag="recipeQuest">
      <property name="DescriptionKey" value="Farming!"/>
      <property class="Action0">
        <property name="QuestGiven" value="livestock_pens_1"/>
      </property>
    </item>
    <item name="Growing Trees (Seeds)" modTag="recipeQuest">
      <property name="DescriptionKey" value="Farming!"/>
    	<property class="Action0">
    		<property name="QuestGiven" value="seeds_tree_seeds_1"/>
    	</property>
    </item>
    <item name="Farming Crops (Seeds)" modTag="recipeQuest">
      <property name="DescriptionKey" value="Farming!"/>
    	<property class="Action0">
    		<property name="QuestGiven" value="seeds_plant_seeds_1"/>
    	</property>
    </item>
    <item name="Brew Cooker Volume 1" modTag="recipeQuest">
      <property name="DescriptionKey" value="Brewing!"/>
    	<property class="Action0">
    		<property name="QuestGiven" value="brewing_brew_cooker_tools_1"/>
    	</property>
    </item>
    <item name="Brew Station Volume 1" modTag="recipeQuest">
      <property name="DescriptionKey" value="Brewing!"/>
      <property class="Action0">
        <property name="QuestGiven" value="brewing_brew_station_tools_1"/>
      </property>
    </item>
    <item name="Brew Station Volume 2" modTag="recipeQuest">
      <property name="DescriptionKey" value="Brewing!"/>
      <property class="Action0">
        <property name="QuestGiven" value="brewing_brew_station_tools_2"/>
      </property>
    </item>
    <item name="Smoker Volume 1" modTag="recipeQuest">
      <property name="DescriptionKey" value="Smoking!"/>
      <property class="Action0">
        <property name="QuestGiven" value="smoker_station_tools_1"/>
      </property>
    </item>
    <item name="Gas Oven Volume 1" modTag="recipeQuest">
      <property name="DescriptionKey" value="Cooking!"/>
      <property class="Action0">
        <property name="QuestGiven" value="gas_oven_station_tools_1"/>
      </property>
    </item>
    <item name="Gas Cooktop Volume 1" modTag="recipeQuest">
      <property name="DescriptionKey" value="Cooking!"/>
      <property class="Action0">
        <property name="QuestGiven" value="gas_cooktop_station_tools_1"/>
      </property>
    </item>
    <item name="KitchNaid Volume 1" modTag="recipeQuest">
      <property name="DescriptionKey" value="Cooking!"/>
      <property class="Action0">
        <property name="QuestGiven" value="kitchenaid_station_tools_1"/>
      </property>
    </item>
    <item name="KitchNaid Volume 2" modTag="recipeQuest">
      <property name="DescriptionKey" value="Cooking!"/>
      <property class="Action0">
        <property name="QuestGiven" value="kitchenaid_station_tools_2"/>
      </property>
    </item>
    <item name="Wood Grill Volume 1" modTag="recipeQuest">
      <property name="DescriptionKey" value="Cooking!"/>
      <property class="Action0">
        <property name="QuestGiven" value="woodgrill_station_tools_1"/>
      </property>
    </item>
    <!-- Recipes -->

    <!-- Meat -->
    <item name="Delmontico" modTag="meat,hasicon"> <!-- Rib -->
      <property name="CustomIcon" value="foodRawMeat"/>
      <property name="CustomIconTint" value="C50000" />
    </item>

    <item name="Rump Roast" modTag="meat,hasicon"> <!-- Round -->
      <property name="CustomIcon" value="foodRawMeat"/>
      <property name="CustomIconTint" value="900000" />
    </item>

    <item name="Porterhouse" modTag="meat,hasicon"> <!-- Short Loin -->
      <property name="CustomIcon" value="foodRawMeat"/>
      <property name="CustomIconTint" value="5E0000" />
    </item>

    <item name="Ground Beef" modTag="meat,noicon">
      <property name="CustomIcon" value="foodRawMeat"/>
      <property name="CustomIconTint" value="777777" />
    </item>

    <item name="Hamburger Patty" modTag="meat,noicon">
      <property name="CustomIcon" value="foodRawMeat" />
      <property name="CustomIconTint" value="777777" />
    </item>

    <item name="Veal" modTag="meat,hasicon">
      <property name="CustomIcon" value="foodRawMeat"/>
      <property name="CustomIconTint" value="F1948A" />
    </item>

    <item name="Elk Scraps" modTag="meat,hasicon">
      <property name="CustomIcon" value="foodRottingFlesh"/>
      <property name="CustomIconTint" value="500000" />
    </item>

    <item name="Pork Belly" modTag="meat,hasicon">
      <property name="CustomIcon" value="foodRottingFlesh"/>
      <property name="CustomIconTint" value="500000" />
    </item>

    <item name="Ham" modTag="meat,noicon">
      <property name="CustomIcon" value="foodRottingFlesh"/>
      <property name="CustomIconTint" value="500000" />
    </item>

    <item name="Pork Ribs" modTag="meat,noicon">
      <property name="CustomIcon" value="foodRottingFlesh"/>
      <property name="CustomIconTint" value="500000" />
    </item>

    <item name="Chicken Breast" modTag="meat,hasicon">
      <property name="CustomIcon" value="foodRottingFlesh"/>
      <property name="CustomIconTint" value="500000" />
    </item>

    <item name="Chicken Wing" modTag="meat,hasicon">
      <property name="CustomIcon" value="foodRottingFlesh"/>
      <property name="CustomIconTint" value="500000" />
    </item>

    <item name="Whole Chicken" modTag="meat,noicon">
      <property name="CustomIcon" value="foodRottingFlesh"/>
      <property name="CustomIconTint" value="500000" />
    </item>

    <item name="Raw Milk" modTag="noicon">
      <property name="CustomIcon" value="bucketRiverWater"/>
      <property name="CustomIconTint" value="AAAAAA" />
      <property name="HoldType" value="31" />
      <property name="DisplayType" value="food" />
      <property name="Meshfile" value="Items/Misc/parcelPrefab" />
      <property name="DropMeshfile" value="Items/Misc/sack_droppedPrefab" />
      <property name="Material" value="MfoodRawMeat" />
      <property name="Stacknumber" value="250" /> <!-- STK food -->
      <property name="EconomicValue" value="2" />
      <property name="CraftingIngredientTime" value="3" />
    </item>

    <!-- Legacy, may come back... -->
    <item name="Powdered Milk" modTag="plant,dry,hasicon">
      <property name="CustomIcon" value="foodCornMeal" />
      <property name="CustomIconTint" value="FFFFFF" />
    </item>

    <item name="Milk" modTag="drink,hasicon">
      <property name="CustomIcon" value="drinkJarRiverWater" />
      <property name="CustomIconTint" value="FFFFFF" />
    </item>

    <item name="Plain Ice Cream" modTag="tierTwoFood,hasicon">
      <property name="CustomIcon" value="resourceTallow" />
      <property name="CustomIconTint" value="FFFFFF" />
    </item>

    <item name="Blueberry Ice Cream" modTag="tierTwoFood,hasicon">
      <property name="CustomIcon" value="resourceTallow" />
      <property name="CustomIconTint" value="0055FF" />
    </item>

    <item name="Butter" modTag="ingredient,hasicon">
      <property name="CustomIcon" value="resourceTallow" />
      <property name="CustomIconTint" value="F0FF00" />
    </item>

    <item name="Parmesan" modTag="ingredient,hasicon">
      <property name="CustomIcon" value="terrSnow" />
      <property name="CustomIconTint" value="F0FF00" />
    </item>

    <item name="Cheddar" modTag="ingredient,hasicon">
      <property name="CustomIcon" value="terrSnow" />
      <property name="CustomIconTint" value="F0FF00" />
    </item>

    <item name="Buttery Delmontico" modTag="tierFourFood,hasicon">
      <property name="CustomIcon" value="foodGrilledMeat" />
      <property name="CustomIconTint" value="CFB300" />
    </item>

    <item name="Rump Roast Stew" modTag="tierFourFood,hasicon">
      <property name="CustomIcon" value="foodSteakAndPotato" />
      <property name="CustomIconTint" value="FFFFFF" />
    </item>

    <item name="Red Wine and Peppercorn Porterhouse" modTag="tierFourFood,hasicon">
      <property name="CustomIcon" value="foodGrilledMeat" />
      <property name="CustomIconTint" value="CF6B00" />
    </item>

    <item name="Bolognese Step 1" modTag="ingredient,noicon">
      <property name="CustomIcon" value="foodMeatStew" />
      <property name="CustomIconTint" value="FF4D00" />
    </item>

    <item name="Bolognese Step 2" modTag="ingredient,noicon">
      <property name="CustomIcon" value="foodMeatStew" />
      <property name="CustomIconTint" value="FF4D00" />
    </item>

    <item name="Bolognese Step 3" modTag="ingredient,noicon">
      <property name="CustomIcon" value="foodMeatStew" />
      <property name="CustomIconTint" value="FF4D00" />
    </item>

    <item name="Bolognese Sauce" modTag="ingredient,noicon">
      <property name="CustomIcon" value="foodMeatStew" />
      <property name="CustomIconTint" value="FF4D00" />
    </item>

    <item name="Bolognese Dish" modTag="tierFiveFood,oneStack,sicilian,hasicon">
      <property name="CustomIcon" value="foodMeatStew" />
      <property name="CustomIconTint" value="FF4D00" />
    </item>

    <item name="Elk Jerky" modTag="tierTwoFood,hasicon,100Stack">
      <property name="CustomIcon" value="foodBoiledMeat" />
      <property name="CustomIconTint" value="500000" />
    </item>

    <item name="Brined Spicy Elk" modTag="meat">
      <property name="CustomIcon" value="foodBoiledMeat" />
      <property name="CustomIconTint" value="E77803" />
    </item>
    <item name="Spicy Elk Jerky" modTag="tierFourFood,alticon,spicyJerky,100Stack">
      <property name="CustomIcon" value="foodBoiledMeat" />
      <property name="AltCustomIcon" value="Elk Jerky" />
      <property name="CustomIconTint" value="E77803" />
    </item>

    <item name="Brined Coffee Elk" modTag="meat">
      <property name="CustomIcon" value="foodBoiledMeat" />
      <property name="CustomIconTint" value="7C3F00" />
    </item>
    <item name="Coffee Elk Jerky" modTag="tierFourFood,alticon,coffeeJerky,100Stack">
      <property name="CustomIcon" value="foodBoiledMeat" />
      <property name="AltCustomIcon" value="Elk Jerky" />
      <property name="CustomIconTint" value="7C3F00" />
    </item>

    <item name="Marinated BBQ Elk" modTag="meat">
      <property name="CustomIcon" value="foodBoiledMeat" />
      <property name="CustomIconTint" value="9D2400" />
    </item>
    <item name="BBQ Elk Jerky" modTag="tierFourFood,alticon,bbqJerky,100Stack">
      <property name="CustomIcon" value="foodBoiledMeat" />
      <property name="AltCustomIcon" value="Elk Jerky" />
      <property name="CustomIconTint" value="9D2400" />
    </item>

    <!-- <item name="Pancetta" modTag="meat,noicon">
      <property name="CustomIcon" value="foodBoiledMeat" />
      <property name="CustomIconTint" value="500000" />
    </item> -->

    <item name="Smoked Bacon" modTag="meat,hasicon">
      <property name="CustomIcon" value="foodBoiledMeat" />
      <property name="CustomIconTint" value="500000" />
    </item>

    <item name="Cured Ham" modTag="meat,hasicon">
      <property name="CustomIcon" value="foodRottingFlesh"/>
      <property name="CustomIconTint" value="500000" />
    </item>

    <item name="Ham Steak" modTag="meat,hasicon">
      <property name="CustomIcon" value="foodBoiledMeat"/>
      <property name="CustomIconTint" value="500000" />
    </item>

    <item name="Smoked Ham" modTag="meat,hasicon">
      <property name="CustomIcon" value="foodRottingFlesh"/>
      <property name="CustomIconTint" value="500000" />
    </item>

    <item name="BBQ Pork Ribs" modTag="tierTwoFood,hasicon">
      <property name="CustomIcon" value="foodRottingFlesh"/>
      <property name="CustomIconTint" value="500000" />
    </item>

    <item name="Spicy Chicken Wings" modTag="tierTwoFood,hasicon">
      <property name="CustomIcon" value="foodBoiledMeat" />
      <property name="CustomIconTint" value="500000" />
    </item>

    <item name="Parmesan Crusted Chicken" modTag="tierThreeFood,alticon">
      <property name="CustomIcon" value="foodBoiledMeat" />
      <property name="AltCustomIcon" value="Chicken Breast" />
      <property name="CustomIconTint" value="FFCC00" />
    </item>

    <item name="Smoked Chicken" modTag="tierThreeFood,noicon">
      <property name="CustomIcon" value="foodRottingFlesh" />
      <property name="CustomIconTint" value="FFCC00" />
    </item>

    <item name="Hamburger Fixings" modTag="tierOneFood,noicon">
      <property name="CustomIcon" value="foodBoiledMeat" />
      <property name="CustomIconTint" value="000000" />
    </item>

    <item name="Hamburger" modTag="tierTwoFood,alticon">
      <property name="CustomIcon" value="foodSteakAndPotato" />
      <property name="AltCustomIcon" value="Cheeseburger" />
      <property name="CustomIconTint" value="888888" />
    </item>

    <item name="Cheeseburger" modTag="tierTwoFood,hasicon">
      <property name="CustomIcon" value="foodSteakAndPotato" />
      <property name="CustomIconTint" value="111111" />
    </item>
    <!-- Meat -->

    <!-- Animals Items -->
    <item name="Cattle Feed" modTag="ingredient,hasicon">
      <property name="CustomIcon" value="bucketRiverWater"/>
      <property name="CustomIconTint" value="888888" />
    </item>
    <item name="Chicken Feed" modTag="ingredient,alticon">
      <property name="CustomIcon" value="bucketRiverWater"/>
      <property name="AltCustomIcon" value="Cattle Feed"/>
      <property name="CustomIconTint" value="888888" />
    </item>
    <!-- Animals Items -->

    <!--   Fruit -->
    <item name="Grape" modTag="fruit,hasicon">
      <property name="CustomIcon" value="foodCropBlueberries"/>
      <property name="CustomIconTint" value="76098E" />
    </item>

    <item name="Apple" modTag="fruit,hasicon">
      <property name="CustomIcon" value="foodCropBlueberries"/>
      <property name="CustomIconTint" value="FF0000" />
    </item>

    <item name="Orange" modTag="fruit,hasicon">
      <property name="CustomIcon" value="foodCropBlueberries"/>
      <property name="CustomIconTint" value="FFAE00" />
    </item>

    <item name="Meyer Lemon" modTag="fruit,hasicon">
      <property name="CustomIcon" value="foodCropBlueberries"/>
      <property name="CustomIconTint" value="FFD800" />
    </item>

    <item name="Lime" modTag="fruit,hasicon">
      <property name="CustomIcon" value="foodCropBlueberries"/>
      <property name="CustomIconTint" value="3AFF00" />
    </item>

    <item name="Cherry" modTag="fruit,hasicon">
      <property name="CustomIcon" value="foodCropBlueberries"/>
      <property name="CustomIconTint" value="FF4200" />
    </item>

    <item name="Olive" modTag="fruit,hasicon">
      <property name="CustomIcon" value="foodCropBlueberries"/>
      <property name="CustomIconTint" value="1E8449" />
    </item>

    <item name="Walnut" modTag="fruit,hasicon">
      <property name="CustomIcon" value="foodCropBlueberries"/>
      <property name="CustomIconTint" value="624700" />
    </item>

    <item name="Apple Cider" modTag="beer,noicon">
      <property name="CustomIcon" value="drinkJarBoiledWater"/>
      <property name="CustomIconTint" value="FF0000" />
    </item>

    <item name="Apple Juice" modTag="drink,noicon">
      <property name="CustomIcon" value="drinkJarBoiledWater"/>
      <property name="CustomIconTint" value="FF0000" />
    </item>

    <item name="Apple Pie" modTag="tierTwoFood,hasicon">
      <property name="CustomIcon" value="foodBlueberryPie"/>
      <property name="CustomIconTint" value="FF0000" />
    </item>

    <item name="Cherry Pie" modTag="tierTwoFood,hasicon">
      <property name="CustomIcon" value="foodBlueberryPie"/>
      <property name="CustomIconTint" value="FF4200" />
    </item>

    <item name="Orange Juice" modTag="drink,noicon">
      <property name="CustomIcon" value="drinkJarBoiledWater"/>
      <property name="CustomIconTint" value="FFAE00" />
    </item>

    <item name="Lemon Lime Coolaid" modTag="drink,noicon">
      <property name="CustomIcon" value="drinkJarBoiledWater"/>
      <property name="CustomIconTint" value="3AFF00" />
    </item>

    <item name="Mojito" modTag="mixedDrink,hasicon">
      <property name="CustomIcon" value="drinkJarBoiledWater"/>
      <property name="CustomIconTint" value="3AFF00" />
    </item>

    <!-- Wine -->
    <item name="Port Wine" modTag="wine,noicon">
      <property name="CustomIcon" value="drinkJarBoiledWater" />
      <property name="CustomIconTint" value="490059" />
    </item>

    <item name="Merlot" modTag="wine,noicon">
      <property name="CustomIcon" value="drinkJarBoiledWater" />
      <property name="CustomIconTint" value="76098E" />
    </item>

    <item name="White Zin" modTag="wine,noicon">
      <property name="CustomIcon" value="drinkJarBoiledWater" />
      <property name="CustomIconTint" value="D5BADB" />
    </item>

    <item name="Pink Rose" modTag="wine,noicon">
      <property name="CustomIcon" value="drinkJarBoiledWater" />
      <property name="CustomIconTint" value="C469D8" />
    </item>

    <item name="Raw Merlot" modTag="ingredient,noicon">
      <property name="CustomIcon" value="bucketRiverWater" />
      <property name="CustomIconTint" value="76098E" />
    </item>

    <item name="Raw White Zin" modTag="ingredient,noicon">
      <property name="CustomIcon" value="bucketRiverWater" />
      <property name="CustomIconTint" value="D5BADB" />
    </item>

    <item name="Raw Pink Rose" modTag="ingredient,noicon">
      <property name="CustomIcon" value="bucketRiverWater" />
      <property name="CustomIconTint" value="C469D8" />
    </item>

    <item name="Filtered Merlot" modTag="ingredient,noicon">
      <property name="CustomIcon" value="bucketRiverWater" />
      <property name="CustomIconTint" value="76098E" />
    </item>

    <item name="Filtered White Zin" modTag="ingredient,noicon">
      <property name="CustomIcon" value="bucketRiverWater" />
      <property name="CustomIconTint" value="D5BADB" />
    </item>

    <item name="Filtered Pink Rose" modTag="ingredient,noicon">
      <property name="CustomIcon" value="bucketRiverWater" />
      <property name="CustomIconTint" value="C469D8" />
    </item>

    <item name="Aged Port Wine" modTag="ingredient,noicon">
      <property name="CustomIcon" value="bucketRiverWater" />
      <property name="CustomIconTint" value="76098E" />
    </item>
    <!-- Wine -->

    <!--  Beer -->
    <item name="Beer Cheap Mash" modTag="ingredient,noicon">
      <property name="CustomIcon" value="bucketRiverWater" />
      <property name="CustomIconTint" value="F7FF00" />
    </item>

    <item name="Beer IPA Mash" modTag="ingredient,noicon">
      <property name="CustomIcon" value="bucketRiverWater" />
      <property name="CustomIconTint" value="957D1A" />
    </item>

    <item name="Beer Stout Mash" modTag="ingredient,noicon">
      <property name="CustomIcon" value="bucketRiverWater" />
      <property name="CustomIconTint" value="4B3C00" />
    </item>

    <item name="Beer Lager Mash" modTag="ingredient,noicon">
      <property name="CustomIcon" value="bucketRiverWater" />
      <property name="CustomIconTint" value="83E135" />
    </item>

    <item name="Beer Cheap Wort" modTag="ingredient,noicon">
      <property name="CustomIcon" value="bucketRiverWater" />
      <property name="CustomIconTint" value="F7FF00" />
    </item>

    <item name="Beer IPA Wort" modTag="ingredient,noicon">
      <property name="CustomIcon" value="bucketRiverWater" />
      <property name="CustomIconTint" value="957D1A" />
    </item>

    <item name="Beer Stout Wort" modTag="ingredient,noicon">
      <property name="CustomIcon" value="bucketRiverWater" />
      <property name="CustomIconTint" value="4B3C00" />
    </item>

    <item name="Beer Lager Wort" modTag="ingredient,noicon">
      <property name="CustomIcon" value="bucketRiverWater" />
      <property name="CustomIconTint" value="83E135" />
    </item>

    <item name="Beer Cheap Raw" modTag="ingredient,noicon">
      <property name="CustomIcon" value="bucketRiverWater" />
      <property name="CustomIconTint" value="F7FF00" />
    </item>

    <item name="Beer IPA Raw" modTag="ingredient,noicon">
      <property name="CustomIcon" value="bucketRiverWater" />
      <property name="CustomIconTint" value="957D1A" />
    </item>

    <item name="Beer Stout Raw" modTag="ingredient,noicon">
      <property name="CustomIcon" value="bucketRiverWater" />
      <property name="CustomIconTint" value="4B3C00" />
    </item>

    <item name="Beer Lager Raw" modTag="ingredient,noicon">
      <property name="CustomIcon" value="bucketRiverWater" />
      <property name="CustomIconTint" value="83E135" />
    </item>

    <item name="Beer Cheap" modTag="beer,hasicon">
      <property name="CustomIcon" value="drinkJarBeer" />
      <property name="CustomIconTint" value="F7FF00" />
    </item>

    <item name="Beer IPA" modTag="beer,hasicon">
      <property name="CustomIcon" value="drinkJarBeer" />
      <property name="CustomIconTint" value="957D1A" />
    </item>

    <item name="Beer Stout" modTag="beer,hasicon">
      <property name="CustomIcon" value="drinkJarBeer" />
      <property name="CustomIconTint" value="4B3C00" />
    </item>

    <item name="Beer Lager" modTag="beer,hasicon">
      <property name="CustomIcon" value="drinkJarBeer" />
      <property name="CustomIconTint" value="83E135" />
    </item>
    <!-- Beer -->

    <!--  Spirits -->
    <item name="Vodka Mash" modTag="ingredient,noicon">
      <property name="CustomIcon" value="bucketRiverWater" />
      <property name="CustomIconTint" value="999999" />
    </item>
    <item name="Whiskey Mash" modTag="ingredient,noicon">
      <property name="CustomIcon" value="bucketRiverWater" />
      <property name="CustomIconTint" value="777777" />
    </item>
    <item name="White Rum Mash" modTag="ingredient,noicon">
      <property name="CustomIcon" value="bucketRiverWater" />
      <property name="CustomIconTint" value="555555" />
    </item>
    <item name="Scotch Mash" modTag="ingredient,noicon">
      <property name="CustomIcon" value="bucketRiverWater" />
      <property name="CustomIconTint" value="888888" />
    </item>

    <item name="Raw Vodka" modTag="ingredient,noicon">
      <property name="CustomIcon" value="bucketRiverWater" />
      <property name="CustomIconTint" value="999999" />
    </item>
    <item name="Raw Whiskey" modTag="ingredient,noicon">
      <property name="CustomIcon" value="bucketRiverWater" />
      <property name="CustomIconTint" value="777777" />
    </item>
    <item name="Raw White Rum" modTag="ingredient,noicon">
      <property name="CustomIcon" value="bucketRiverWater" />
      <property name="CustomIconTint" value="555555" />
    </item>
    <item name="Raw Scotch" modTag="ingredient,noicon">
      <property name="CustomIcon" value="bucketRiverWater" />
      <property name="CustomIconTint" value="888888" />
    </item>

    <item name="Distilled Vodka" modTag="ingredient,noicon">
      <property name="CustomIcon" value="bucketRiverWater" />
      <property name="CustomIconTint" value="999999" />
    </item>
    <item name="Distilled Whiskey" modTag="ingredient,noicon">
      <property name="CustomIcon" value="bucketRiverWater" />
      <property name="CustomIconTint" value="777777" />
    </item>
    <item name="Distilled White Rum" modTag="ingredient,noicon">
      <property name="CustomIcon" value="bucketRiverWater" />
      <property name="CustomIconTint" value="555555" />
    </item>
    <item name="Distilled Scotch" modTag="ingredient,noicon">
      <property name="CustomIcon" value="bucketRiverWater" />
      <property name="CustomIconTint" value="888888" />
    </item>

    <item name="Aged Scotch" modTag="ingredient,noicon">
      <property name="CustomIcon" value="bucketRiverWater" />
      <property name="CustomIconTint" value="888888" />
    </item>

    <item name="Vodka" modTag="spirits,noicon">
      <property name="CustomIcon" value="drinkJarGrandpasMoonshine" />
      <property name="CustomIconTint" value="999999" />
    </item>
    <item name="Whiskey" modTag="spirits,noicon">
      <property name="CustomIcon" value="drinkJarGrandpasMoonshine" />
      <property name="CustomIconTint" value="777777" />
    </item>
    <item name="White Rum" modTag="spirits,noicon">
      <property name="CustomIcon" value="drinkJarGrandpasMoonshine" />
      <property name="CustomIconTint" value="555555" />
    </item>
    <item name="Scotch" modTag="spirits,noicon">
      <property name="CustomIcon" value="drinkJarGrandpasAwesomeSauce" />
      <property name="CustomIconTint" value="888888" />
    </item>
    <!--  Spirits -->

    <!-- Ingredients -->
    <item name="Light Malt" modTag="ingredient,noicon">
      <property name="CustomIcon" value="foodCornMeal" />
      <property name="CustomIconTint" value="DDEE0B" />
    </item>

    <item name="Golden Malt" modTag="ingredient,noicon">
      <property name="CustomIcon" value="foodCornMeal" />
      <property name="CustomIconTint" value="B8C608" />
    </item>

    <item name="Dark Malt" modTag="ingredient,noicon">
      <property name="CustomIcon" value="foodCornMeal" />
      <property name="CustomIconTint" value="727A04" />
    </item>

    <item name="Black Pepper" modTag="ingredient,hasicon">
      <property name="CustomIcon" value="resourceGunPowder" />
      <property name="CustomIconTint" value="000000" />
    </item>

    <item name="Black Pepper Corn" modTag="ingredient,hasicon">
      <property name="CustomIcon" value="resourceBuckshot" />
      <property name="CustomIconTint" value="000000" />
    </item>

    <item name="Salt" modTag="ingredient,hasicon">
      <property name="CustomIcon" value="resourcePotassiumNitratePowder" />
      <property name="CustomIconTint" value="FFFFFF" />
    </item>

    <item name="Halite" modTag="ingredient,hasicon">
    	<property name="CustomIcon" value="terrSnow"/>
      <property name="CustomIconTint" value="F3FF00" />
    </item>

    <item name="Salt and Pepper" modTag="ingredient,noicon">
      <property name="CustomIcon" value="resourcePotassiumNitratePowder" />
      <property name="CustomIconTint" value="888888" />
    </item>

    <item name="Grape Pulp" modTag="ingredient,hasicon">
      <property name="CustomIcon" value="medicalAloeCream"/>
      <property name="CustomIconTint" value="76098E" />
    </item>

    <item name="Grape Extract" modTag="ingredient,hasicon">
      <property name="CustomIcon" value="drinkJarBeer"/>
      <property name="CustomIconTint" value="76098E" />
    </item>

    <item name="Briney Water" modTag="ingredient,noicon">
      <property name="CustomIcon" value="bucketRiverWater"/>
      <property name="CustomIconTint" value="0008FF" />
    </item>

    <item name="Ground Hot Pepper" modTag="ingredient,hasicon">
      <property name="CustomIcon" value="resourceCandyTin"/>
      <property name="CustomIconTint" value="AA0000" />
    </item>

    <item name="Cooking Vinegar" modTag="ingredient,noicon">
      <property name="CustomIcon" value="drinkJarBoiledWater"/>
      <property name="CustomIconTint" value="FFFFFF" />
    </item>

    <!-- <item name="Lard" modTag="ingredient,noicon">
      <property name="CustomIcon" value="resourceTallow"/>
      <property name="CustomIconTint" value="FFFFFF" />
    </item> -->

    <!--  Peppers -->
    <item name="Ghost Pepper" modTag="plant,spicyFood,hasicon">
      <property name="CustomIcon" value="foodCropPotato"/>
      <property name="CustomIconTint" value="FF0000" />
    </item>

    <!--  Hops -->
    <item name="Bitter Hops" modTag="plant,noicon">
      <property name="CustomIcon" value="plantedHop3Harvest" />
      <property name="CustomIconTint" value="6D3C11" />
    </item>

    <item name="Floral Hops" modTag="plant,noicon">
      <property name="CustomIcon" value="plantedHop3Harvest" />
      <property name="CustomIconTint" value="D26C11" />
    </item>

    <!--  Sorghum -->
    <item name="Sorghum" modTag="plant,hasicon">
      <property name="CustomIcon" value="foodCropCorn" />
      <property name="CustomIconTint" value="718800" />
    </item>

    <!--  Liquid Veg -->
    <item name="Liquid Veg" modTag="drink,noicon">
      <property name="CustomIcon" value="drinkJarRiverWater" />
      <property name="CustomIconTint" value="A8F96F" />
    </item>

    <!--  Mixed Greens -->
    <item name="Mixed Greens" modTag="tierTwoFood,noicon">
      <property name="CustomIcon" value="foodVegetableStew" />
      <property name="CustomIconTint" value="A8F96F" />
    </item>

    <!--  Veggie Mash -->
    <item name="Veggie Mash" modTag="tierTwoFood,noicon">
      <property name="CustomIcon" value="foodVegetableStew" />
      <property name="CustomIconTint" value="00AA76" />
    </item>

    <!--  Onion -->
    <item name="Onion" modTag="plant,hasicon">
      <property name="CustomIcon" value="plantedGoldenrod3Harvest"/>
      <property name="CustomIconTint" value="9B3400" />
    </item>

    <item name="Sauteed Onions" modTag="tierOneFood,hasicon">
      <property name="CustomIcon" value="plantedChrysanthemum3Harvest"/>
      <property name="CustomIconTint" value="9B3400" />
    </item>
    <!--  Onion -->

    <!--  Celery -->
    <item name="Celery" modTag="plant,hasicon">
      <property name="CustomIcon" value="plantedGoldenrod3Harvest"/>
      <property name="CustomIconTint" value="7DCEA0" />
    </item>

    <item name="Crunchy Celery" modTag="tierOneFood,hasicon">
      <property name="CustomIcon" value="plantedChrysanthemum3Harvest"/>
      <property name="CustomIconTint" value="7DCEA0" />
    </item>
    <!--  Celery -->

    <!--  Olive -->
    <item name="Olive Oil" modTag="ingredient,hasicon">
      <property name="CustomIcon" value="drinkJarRiverWater"/>
      <property name="CustomIconTint" value="1E8449" />
    </item>
    <item name="Olive Paste" modTag="ingredient,hasicon">
      <property name="CustomIcon" value="medicalAloeCream"/>
      <property name="CustomIconTint" value="1E8449" />
    </item>
    <item name="Canned Olives" modTag="tierTwoFood,hasicon,can">
      <property name="CustomIcon" value="drinkCanEmpty"/>
      <property name="CustomIconTint" value="1E8449" />
    </item>
    <!--  Olive -->

    <!--  Maple -->
    <item name="Maple Sap" modTag="ingredient,noicon">
      <property name="CustomIcon" value="drinkJarRiverWater"/>
      <property name="CustomIconTint" value="622100" />
    </item>
    <item name="Maple Syrup" modTag="ingredient,hasicon">
      <property name="CustomIcon" value="resourceGlue"/>
      <property name="CustomIconTint" value="622100" />
    </item>
    <!--  Maple -->

    <!--  Cinnamon -->
    <item name="Cinnamon Bark" modTag="ingredient,noicon">
      <property name="CustomIcon" value="foodCropBlueberries"/>
      <property name="CustomIconTint" value="1E8449" />
    </item>
    <item name="Ground Cinnamon" modTag="ingredient,noicon">
      <property name="CustomIcon" value="resourceGunPowder"/>
      <property name="CustomIconTint" value="1E8449" />
    </item>
    <!--  Cinnamon -->

    <!--  Broccoli -->
    <item name="Broccoli" modTag="plant,hasicon">
      <property name="CustomIcon" value="plantedGoldenrod3Harvest"/>
      <property name="CustomIconTint" value="22AA00" />
    </item>

    <item name="Steamed Broccoli" modTag="tierOneFood,hasicon">
      <property name="CustomIcon" value="foodVegetableStew"/>
      <property name="CustomIconTint" value="22AA00" />
    </item>
    <!--  Broccoli -->

    <!--  Squash -->
    <item name="Squash" modTag="plant,hasicon">
      <property name="CustomIcon" value="foodCropPotato"/>
      <property name="CustomIconTint" value="BDFF00" />
    </item>

    <item name="Grilled Squash" modTag="tierOneFood,hasicon">
      <property name="CustomIcon" value="foodVegetableStew"/>
      <property name="CustomIconTint" value="BDFF00" />
    </item>
    <!--  Squash -->

    <!--  Romaine -->
    <item name="Romaine" modTag="plant,hasicon">
      <property name="CustomIcon" value="plantedGoldenrod3Harvest"/>
      <property name="CustomIconTint" value="00FF3E" />
    </item>

    <item name="Romaine Salad" modTag="tierOneFood,hasicon">
      <property name="CustomIcon" value="foodVegetableStew"/>
      <property name="CustomIconTint" value="00FF3E" />
    </item>
    <!--  Romaine -->

    <!--  Carrot -->
    <item name="Carrot" modTag="plant,hasicon">
      <property name="CustomIcon" value="foodCropCorn"/>
      <property name="CustomIconTint" value="FF6C00" />
    </item>

    <item name="Roasted Carrot" modTag="tierOneFood,hasicon">
      <property name="CustomIcon" value="foodCornOnTheCob"/>
      <property name="CustomIconTint" value="FF6C00" />
    </item>
    <!--  Carrot -->

    <!--  Tomato -->
    <item name="Tomato" modTag="plant,hasicon">
      <property name="CustomIcon" value="foodCropBlueberries"/>
      <property name="CustomIconTint" value="FF4D00" />
    </item>

    <item name="Crushed Tomato" modTag="tierOneFood,can,hasicon">
      <property name="CustomIcon" value="drinkCanEmpty"/>
      <property name="CustomIconTint" value="FF4D00" />
    </item>

    <item name="Ketchup Step 1" modTag="ingredient,noicon">
      <property name="CustomIcon" value="medicalAloeCream"/>
      <property name="CustomIconTint" value="FF4D00" />
    </item>

    <item name="Ketchup" modTag="tierOneFood,hasicon">
      <property name="CustomIcon" value="medicalAloeCream"/>
      <property name="CustomIconTint" value="FF4D00" />
    </item>

    <item name="Spicy BBQ Sauce" modTag="tierOneFood,noicon">
      <property name="CustomIcon" value="drinkJarBoiledWater"/>
      <property name="CustomIconTint" value="AA0000" />
    </item>

    <item name="Marinara" modTag="tierTwoFood,hasicon">
      <property name="CustomIcon" value="drinkJarRiverWater" />
      <property name="CustomIconTint" value="FF4D00" />
    </item>
    <!--  Tomato -->

    <!--  Wheat -->
    <item name="Wheat" modTag="plant,hasicon">
      <property name="CustomIcon" value="foodCropCorn" />
      <property name="CustomIconTint" value="888888" />
    </item>

    <item name="Wheat Flour" modTag="plant,dry,hasicon">
      <property name="CustomIcon" value="foodCornMeal" />
      <property name="CustomIconTint" value="888888" />
    </item>

    <item name="Bread Dough" modTag="plant,hasicon">
      <property name="CustomIcon" value="resourceTallow" />
      <property name="CustomIconTint" value="888888" />
    </item>

    <item name="Wheat Bread" modTag="tierThreeFood,hasicon">
      <property name="CustomIcon" value="foodCornBread" />
      <property name="CustomIconTint" value="888888" />
    </item>

    <item name="Hamburger Bun" modTag="tierThreeFood,hasicon">
      <property name="CustomIcon" value="foodCornBread" />
      <property name="CustomIconTint" value="888888" />
    </item>
    <!--  Wheat -->

    <!-- Penne -->
    <item name="Penne" modTag="tierTwoFood,hasicon,dry">
      <property name="CustomIcon" value="drinkJarRiverWater" />
      <property name="CustomIconTint" value="FFFFFF" />
    </item>

    <item name="Bechamel" modTag="tierTwoFood,hasicon">
      <property name="CustomIcon" value="drinkJarRiverWater" />
      <property name="CustomIconTint" value="FFFFFF" />
    </item>

    <item name="Pasta Meal" modTag="tierThreeFood,hasicon">
      <property name="CustomIcon" value="foodMeatStew" />
      <property name="CustomIconTint" value="FFFFFF" />
    </item>
    <!-- Penne -->

    <!--  Breakfast -->
    <item name="Hashbrowns" modTag="tierOneFood,hasicon">
      <property name="CustomIcon" value="foodCropPotato" />
      <property name="CustomIconTint" value="FFC300" />
    </item>
    <item name="Joel's Breakfast" modTag="tierThreeFood,hasicon,madmole">
      <property name="CustomIcon" value="foodSteakAndPotato" />
      <property name="CustomIconTint" value="FFC300" />
    </item>
    <item name="Roland's Breakfast" modTag="tierThreeFood,noicon,forumGuy">
      <property name="CustomIcon" value="foodSteakAndPotato" />
      <property name="CustomIconTint" value="FFC300" />
    </item>
    <!--  Breakfast -->

    <!-- Asian -->
    <item name="Stir Fry Vegetables" modTag="tierTwoFood,noicon">
      <property name="CustomIcon" value="foodVegetableStew" />
      <property name="CustomIconTint" value="00AA76" />
    </item>
    <!-- Asian -->

    <!-- Pizza -->
    <item name="Cheese Pizza" modTag="tierThreeFood,noicon">
      <property name="CustomIcon" value="foodCornBread" />
      <property name="CustomIconTint" value="8EA200" />
    </item>
    <!-- Pizza -->

    <!-- Items and Tools -->

    <item name="Feeding Trough" modTag="ingredient,hasicon">
      <property name="CustomIcon" value="bucketEmpty"/>
      <property name="CustomIconTint" value="888888" />
    </item>

    <item name="Salt Shaker" modTag="ingredient,hasicon">
      <property name="CustomIcon" value="candle"/>
      <property name="CustomIconTint" value="FFFFFF" />
    </item>

    <item name="Black Pepper Tin" modTag="ingredient,hasicon">
      <property name="CustomIcon" value="resourceCandyTin"/>
      <property name="CustomIconTint" value="000000" />
    </item>

    <item name="Maple Woodchips" modTag="ingredient,noicon">  <!-- Light -->
      <property name="CustomIcon" value="resourceWood"/>
      <property name="CustomIconTint" value="FF4200" />
    </item>

    <item name="Apple Woodchips" modTag="ingredient,noicon"> <!-- Medium -->
      <property name="CustomIcon" value="resourceWood"/>
      <property name="CustomIconTint" value="FF0000" />
    </item>

    <item name="Walnut Woodchips" modTag="ingredient,noicon"> <!-- Strong -->
      <property name="CustomIcon" value="resourceWood"/>
      <property name="CustomIconTint" value="624700" />
    </item>

    <item name="Mesquite Woodchips" modTag="ingredient,noicon"> <!-- Mesquite -->
      <property name="CustomIcon" value="resourceWood"/>
      <property name="CustomIconTint" value="FF4200" />
    </item>

    <item name="Tongs" modTag="cookingTool,hasicon">
      <property name="CustomIcon" value="meleeToolShovelIron"/>
      <property name="CustomIconTint" value="888888" />
    </item>

    <item name="Spatula" modTag="cookingTool,hasicon">
      <property name="CustomIcon" value="meleeToolShovelIron"/>
      <property name="CustomIconTint" value="888888" />
    </item>

    <item name="Ceramic Dutch Oven" modTag="cookingTool,hasicon">
      <property name="CustomIcon" value="toolCookingPot"/>
      <property name="CustomIconTint" value="888888" />
    </item>

    <item name="Dough Hook" modTag="cookingTool,hasicon">
      <property name="CustomIcon" value="meleeCandyCaneClub"/>
      <property name="CustomIconTint" value="000000" />
    </item>

    <item name="Veggie Attachment" modTag="cookingTool,hasicon">
      <property name="CustomIcon" value="medicalSplint"/>
      <property name="CustomIconTint" value="000000" />
    </item>

    <item name="Ice Cream Bowl" modTag="cookingTool,hasicon">
      <property name="CustomIcon" value="toolCookingPot"/>
      <property name="CustomIconTint" value="000000" />
    </item>

    <item name="Meat Grinder" modTag="cookingTool,hasicon">
      <property name="CustomIcon" value="resourceTrophy3"/>
      <property name="CustomIconTint" value="000000" />
    </item>

    <item name="Grain Miller" modTag="cookingTool,hasicon">
      <property name="CustomIcon" value="resourceTrophy1"/>
      <property name="CustomIconTint" value="000000" />
    </item>

    <item name="Pasta Helper" modTag="cookingTool,noicon">
      <property name="CustomIcon" value="resourceAirFilter"/>
      <property name="CustomIconTint" value="000000" />
    </item>

    <item name="Frying Pan" modTag="cookingTool,noicon">
      <property name="CustomIcon" value="toolCookingPot"/>
      <property name="CustomIconTint" value="000000" />
    </item>

    <item name="Wok" modTag="cookingTool,noicon">
      <property name="CustomIcon" value="toolCookingPot"/>
      <property name="CustomIconTint" value="000000" />
    </item>

    <item name="Baking Sheet" modTag="cookingTool,noicon">
      <property name="CustomIcon" value="toolCookingPot"/>
      <property name="CustomIconTint" value="000000" />
    </item>

    <item name="Pizza Stone" modTag="cookingTool,noicon">
      <property name="CustomIcon" value="toolCookingPot"/>
      <property name="CustomIconTint" value="000000" />
    </item>

    <item name="PyreX Bakeware" modTag="cookingTool,noicon">
      <property name="CustomIcon" value="toolCookingPot"/>
      <property name="CustomIconTint" value="000000" />
    </item>

    <item name="Smoker Mat" modTag="cookingTool,noicon">
      <property name="CustomIcon" value="chainLink"/>
      <property name="CustomIconTint" value="000000" />
    </item>

    <item name="Meat Hanger" modTag="cookingTool,noicon">
      <property name="CustomIcon" value="metalRailing"/>
      <property name="CustomIconTint" value="000000" />
    </item>

    <item name="Turkey Rack" modTag="cookingTool,noicon">
      <property name="CustomIcon" value="woodFrameCNRFull"/>
      <property name="CustomIconTint" value="000000" />
    </item>

    <item name="Masher" modTag="cookingTool,noicon">
      <property name="CustomIcon" value="meleeToolHoeIron"/>
      <property name="CustomIconTint" value="000000" />
    </item>

    <item name="Boiler" modTag="cookingTool,noicon">
      <property name="CustomIcon" value="toolCookingPot"/>
      <property name="CustomIconTint" value="000000" />
    </item>

    <item name="Still" modTag="cookingTool,noicon">
      <property name="CustomIcon" value="resourceMetalPipe"/>
      <property name="CustomIconTint" value="000000" />
    </item>

    <item name="Carboy" modTag="cookingTool,noicon">
      <property name="CustomIcon" value="cntWaterCoolerBottle"/>
      <property name="CustomIconTint" value="000000" />
    </item>

    <item name="Wine Tank" modTag="cookingTool,noicon">
      <property name="CustomIcon" value="cntWaterCoolerFull"/>
      <property name="CustomIconTint" value="000000" />
    </item>

    <item name="Spirits Vat" modTag="cookingTool,noicon">
      <property name="CustomIcon" value="burningBarrelPlayer"/>
      <property name="CustomIconTint" value="000000" />
    </item>

    <item name="Wine Filter" modTag="cookingTool,noicon">
      <property name="CustomIcon" value="resourceAirFilter"/>
      <property name="CustomIconTint" value="000000" />
    </item>

    <item name="Oak Barrel" modTag="cookingTool,noicon">
      <property name="CustomIcon" value="wineBarrel"/>
      <property name="CustomIconTint" value="000000" />
    </item>

    <item name="Aged Oak Barrel" modTag="cookingTool,noicon">
      <property name="CustomIcon" value="oilBarrel"/>
      <property name="CustomIconTint" value="000000" />
    </item>

    <item name="Floor Corker" modTag="cookingTool,noicon">
      <property name="CustomIcon" value="workbench"/>
      <property name="CustomIconTint" value="000000" />
      <property name="Tags" value="brewing"/>
      <property name="Group" value="Brewing"/>
    </item>

    <item name="Bottle Capper" modTag="cookingTool,noicon">
      <property name="CustomIcon" value="chemistryStation"/>
      <property name="CustomIconTint" value="000000" />
      <property name="Tags" value="brewing"/>
    </item>

    <item name="Mixing Cask" modTag="cookingTool,noicon">
      <property name="CustomIcon" value="bucketEmpty"/>
      <property name="CustomIconTint" value="000000" />
      <property name="Tags" value="brewing"/>
    </item>

    <item name="Pitch Fork" modTag="hasicon">
      <property name="CustomIcon" value="meleeToolHoeIron" />
      <property name="CustomIconTint" value="888888" />
    	<property name="Tags" value="melee,medium,tool,perkDeepCuts,perkLivingOffTheLandCrops" />
    	<property name="DisplayType" value="melee" />
    	<property name="HoldType" value="50" />
    	<property name="Meshfile" value="Items/Tools/hoe_ironPrefab" />
    	<property name="Material" value="Mmetal" />
    	<property name="RepairTools" value="resourceForgedIron" />
    	<property name="DegradationBreaksAfter" value="false" />
    	<property name="SoundJammed" value="ItemNeedsRepair" />
    	<property name="SoundDestroy" value="wooddestroy1" />
    	<property name="FuelValue" value="250" />
    	<property name="EconomicValue" value="200" />
    	<property class="Action0">
    		<property name="Class" value="DynamicMelee" />
    		<property name="Sphere" value="0.15" />
    		<property name="Sound_start" value="swoosh" />
    		<property name="ToolCategory.cropHarvest" value="1" param1="1" />
    	</property>
    	<property class="Action1"> <!-- UseAction -->
    		<property name="Class" value="Repair" />
    		<property name="Repair_amount" value="30" />
    		<property name="Upgrade_hit_offset" value="-4" />
    		<property name="Sound_start" value="repair_block" />
    		<property name="Delay" value="1.3" /> <!-- Repair actions still need the delay amount -->
    		<property name="Upgrade_action_sound" value="ImpactSurface/metalhitearth" />
    		<property name="Allowed_upgrade_items" value="Cattle Feed,Chicken Feed" />
    	</property>
    	<effect_group name="Base Effects">
    		<passive_effect name="MaxRange" operation="base_set" value="2.9" />
    		<passive_effect name="BlockRange" operation="base_set" value="10" />
    		<passive_effect name="EntityDamage" operation="base_set" value="10" /> <!-- meleeToolHoeIron -->
    		<passive_effect name="BlockDamage" operation="base_set" value="10" />
    		<passive_effect name="DamageModifier" operation="perc_add" value="-.5" tags="wood" />
    		<passive_effect name="DamageModifier" operation="perc_add" value="0" tags="earth" />
    		<passive_effect name="DamageModifier" operation="perc_set" value="-.9" tags="stone" />
    		<passive_effect name="DamageModifier" operation="perc_set" value="-.9" tags="metal" />
    		<passive_effect name="AttacksPerMinute" operation="base_set" value="49" />
    		<passive_effect name="StaminaLoss" operation="base_set" value="16.1" tags="primary" />
    		<passive_effect name="DegradationMax" operation="base_set" value="200,500" tier="1,6" />
    		<passive_effect name="ModSlots" operation="base_set" value="0,5" tier="1,6" />
    		<passive_effect name="ModPowerBonus" operation="perc_add" value=".15" tags="EntityDamage,BlockDamage" />
    		<passive_effect name="ModPowerBonus" operation="base_add" value="200" tags="EconomicValue" />
    	</effect_group>
    	<property name="Group" value="Tools/Traps" />
    	<property name="PickupJournalEntry" value="farmingTip" />
    	<property name="ActionSkillGroup" value="Mining Tools" />
    	<property name="CraftingSkillGroup" value="craftSkillTools" />
    	<property name="RepairExpMultiplier" value="5.5" />
    </item>
  </append>


  <!-- Tier 1 : Fruit and Plants -->
  <append xpath="/items/item[contains(@modTag,'fruit')]">
    <property name="Extends" value="base_food" />
    <property name="Stacknumber" value="500" />
    <effect_group tiered="false">
      <triggered_effect trigger="onSelfPrimaryActionEnd" action="ModifyCVar" cvar="$foodAmountAdd" operation="add" value="2" />
      <triggered_effect trigger="onSelfPrimaryActionEnd" action="ModifyCVar" cvar="$waterAmountAdd" operation="add" value="2"/>
      <triggered_effect trigger="onSelfPrimaryActionEnd" action="AddBuff" target="self" buff="buffProcessConsumables" />
      <triggered_effect trigger="onSelfPrimaryActionEnd" action="AddBuff" target="self" buff="buffIllFoodPoisoning0">
        <requirement name="RandomRoll" seed_type="Random" target="self" min_max="0,100" operation="LTE" value="10" />
      </triggered_effect>
      <display_value name="FoodPoisoningRisk" value=".1" />
    </effect_group>
  </append>

  <append xpath="/items/item[contains(@modTag,'plant')]">
    <property name="Extends" value="base_food" />
    <property name="Stacknumber" value="500" />
    <effect_group tiered="false">
      <triggered_effect trigger="onSelfPrimaryActionEnd" action="ModifyCVar" cvar="$foodAmountAdd" operation="add" value="2" />
      <triggered_effect trigger="onSelfPrimaryActionEnd" action="ModifyCVar" cvar="$waterAmountAdd" operation="add" value="2"/>
      <triggered_effect trigger="onSelfPrimaryActionEnd" action="AddBuff" target="self" buff="buffProcessConsumables" />
      <triggered_effect trigger="onSelfPrimaryActionEnd" action="AddBuff" target="self" buff="buffIllFoodPoisoning0">
        <requirement name="RandomRoll" seed_type="Random" target="self" min_max="0,100" operation="LTE" value="10" />
      </triggered_effect>
      <display_value name="FoodPoisoningRisk" value=".1" />
    </effect_group>
  </append>

  <!-- Tier 1 Food  -->
  <append xpath="/items/item[contains(@modTag,'tierOneFood')]">
    <property name="Extends" value="base_food" />
    <property name="Stacknumber" value="50" />
    <property name="EconomicValue" value="15" />
    <effect_group tiered="false">
      <triggered_effect trigger="onSelfPrimaryActionEnd" action="ModifyCVar" cvar="$foodAmountAdd" operation="add" value="5"/>
      <triggered_effect trigger="onSelfPrimaryActionEnd" action="AddBuff" target="self" buff="buffProcessConsumables"/>
    </effect_group>
  </append>

  <!-- Tier 2 Food -->
  <append xpath="/items/item[contains(@modTag,'tierTwoFood')]">
    <property name="Extends" value="base_food" />
    <property name="Stacknumber" value="50" />
    <property name="EconomicValue" value="35" />
    <effect_group tiered="false">
      <triggered_effect trigger="onSelfPrimaryActionEnd" action="ModifyCVar" cvar="$foodAmountAdd" operation="add" value="15" />
      <triggered_effect trigger="onSelfPrimaryActionEnd" action="ModifyCVar" cvar="foodHealthAmount" operation="add" value="7"/>
      <triggered_effect trigger="onSelfPrimaryActionEnd" action="AddBuff" target="self" buff="buffProcessConsumables" />
    </effect_group>
  </append>

  <!-- Tier 3 Food -->
  <append xpath="/items/item[contains(@modTag,'tierThreeFood')]">
    <property name="Extends" value="base_food" />
    <property name="Stacknumber" value="50" />
    <property name="EconomicValue" value="55" />
    <effect_group tiered="false">
      <triggered_effect trigger="onSelfPrimaryActionEnd" action="ModifyCVar" cvar="$foodAmountAdd" operation="add" value="25" />
      <triggered_effect trigger="onSelfPrimaryActionEnd" action="ModifyCVar" cvar="foodHealthAmount" operation="add" value="12"/>
      <triggered_effect trigger="onSelfPrimaryActionEnd" action="AddBuff" target="self" buff="buffProcessConsumables" />
    </effect_group>
  </append>

  <!-- Tier 4 Food -->
  <append xpath="/items/item[contains(@modTag,'tierFourFood')]">
    <property name="Extends" value="base_food" />
    <property name="Stacknumber" value="50" />
    <property name="EconomicValue" value="90" />
    <effect_group tiered="false">
      <triggered_effect trigger="onSelfPrimaryActionEnd" action="ModifyCVar" cvar="$foodAmountAdd" operation="add" value="35" />
      <triggered_effect trigger="onSelfPrimaryActionEnd" action="ModifyCVar" cvar="foodHealthAmount" operation="add" value="25"/>
      <triggered_effect trigger="onSelfPrimaryActionEnd" action="AddBuff" target="self" buff="buffProcessConsumables" />
    </effect_group>
  </append>

  <!-- Tier 5 Food -->
  <append xpath="/items/item[contains(@modTag,'tierFiveFood')]">
    <property name="Extends" value="base_food" />
    <property name="Stacknumber" value="50" />
    <property name="EconomicValue" value="200" />
    <effect_group tiered="false">
      <triggered_effect trigger="onSelfPrimaryActionEnd" action="ModifyCVar" cvar="$foodAmountAdd" operation="add" value="100" />
      <triggered_effect trigger="onSelfPrimaryActionEnd" action="ModifyCVar" cvar="foodHealthAmount" operation="add" value="100"/>
      <triggered_effect trigger="onSelfPrimaryActionEnd" action="AddBuff" target="self" buff="buffProcessConsumables" />
    </effect_group>
  </append>

  <!-- Meat -->
  <append xpath="/items/item[contains(@modTag,'meat')]">
    <property name="Extends" value="base_food" />
    <property name="Stacknumber" value="500" />
  	<property name="Smell" value="ExLargeSmell" />
  	<effect_group tiered="false">
  		<triggered_effect trigger="onSelfPrimaryActionEnd" action="ModifyCVar" cvar="$foodAmountAdd" operation="add" value="5" />
  		<triggered_effect trigger="onSelfPrimaryActionEnd" action="ModifyCVar" cvar="foodHealthAmount" operation="add" value="5" />
  		<triggered_effect trigger="onSelfPrimaryActionEnd" action="AddBuff" target="self" buff="buffProcessConsumables" />
  		<triggered_effect trigger="onSelfPrimaryActionEnd" action="AddBuff" target="self" buff="buffIllFoodPoisoning0">
  			<requirement name="RandomRoll" seed_type="Random" target="self" min_max="0,100" operation="LTE" value="30" />
  		</triggered_effect>
  		<display_value name="FoodPoisoningRisk" value=".5" />
  	</effect_group>
  </append>

  <!-- Drink -->
  <append xpath="/items/item[contains(@modTag,'drink')]">
    <property name="Extends" value="base_water" />
    <property name="Stacknumber" value="15" />
    <effect_group tiered="false" modTag="drink">
      <requirement name="NotHasBuff" buff="buffIsOnFire" />
      <triggered_effect trigger="onSelfPrimaryActionEnd" action="ModifyCVar" cvar="$waterAmountAdd" operation="add" value="20"/>
      <display_value name="staminaAmount" value=".15" />
      <triggered_effect trigger="onSelfPrimaryActionEnd" action="AddBuff" target="self" buff="buffProcessConsumables"/>
    </effect_group>
  </append>

  <!-- Beer -->
  <append xpath="/items/item[contains(@modTag,'beer')]">
    <property name="Extends" value="base_water" />
    <property name="Stacknumber" value="15" />
    <property name="EconomicValue" value="55" />
  	<effect_group tiered="false">
  		<requirement name="NotHasBuff" buff="buffIsOnFire" />
  		<triggered_effect trigger="onSelfPrimaryActionEnd" action="AddBuff" target="self" buff="Beer Lover" />
  	</effect_group>
  </append>
  <setattribute xpath="/items/item[@name='Beer Cheap']/effect_group/triggered_effect[@buff='Beer Lover']" name="buff">
    Redneck
  </setattribute>

  <!-- spirits -->
  <append xpath="/items/item[contains(@modTag,'spirits')]">
    <property name="Extends" value="base_water" />
    <property name="Stacknumber" value="15" />
    <property name="EconomicValue" value="55" />
    <effect_group tiered="false">
      <requirement name="NotHasBuff" buff="buffIsOnFire" />
      <triggered_effect trigger="onSelfPrimaryActionEnd" action="AddBuff" target="self" buff="Mixed Drink" />
    </effect_group>
  </append>

  <!-- wine -->
  <append xpath="/items/item[contains(@modTag,'wine')]">
    <property name="Extends" value="base_water" />
    <property name="Stacknumber" value="15" />
    <property name="EconomicValue" value="55" />
  	<effect_group tiered="false">
  		<requirement name="NotHasBuff" buff="buffIsOnFire" />
  		<triggered_effect trigger="onSelfPrimaryActionEnd" action="AddBuff" target="self" buff="Wine Connoisseur" />
  	</effect_group>
  </append>

  <!-- mixedDrink -->
  <append xpath="/items/item[contains(@modTag,'mixedDrink')]">
    <property name="Extends" value="base_water" />
    <property name="Stacknumber" value="15" />
    <property name="EconomicValue" value="55" />
  	<effect_group tiered="false">
  		<requirement name="NotHasBuff" buff="buffIsOnFire" />
  		<triggered_effect trigger="onSelfPrimaryActionEnd" action="AddBuff" target="self" buff="Mixed Drink" />
  	</effect_group>
  </append>

  <!-- Drink Buffs -->
  <append xpath="/items/item[@name='Liquid Veg']/effect_group[contains(@modTag,'drink')]">
    <triggered_effect trigger="onSelfPrimaryActionEnd" action="AddBuff" target="self" buff="Vitamin B" />
  </append>

  <append xpath="/items/item[@name='Orange Juice']/effect_group[contains(@modTag,'drink')]">
    <triggered_effect trigger="onSelfPrimaryActionEnd" action="AddBuff" target="self" buff="Vitamin C" />
  </append>

  <append xpath="/items/item[@name='Lemon Lime Coolaid']/effect_group[contains(@modTag,'drink')]">
    <triggered_effect trigger="onSelfPrimaryActionEnd" action="AddBuff" target="self" buff="Sugar Rush" />
  </append>

  <append xpath="/items/item[@name='Milk']/effect_group[contains(@modTag,'drink')]">
    <triggered_effect trigger="onSelfPrimaryActionEnd" action="AddBuff" target="self" buff="Strong Bones" />
  </append>

  <!-- Spicy! -->
  <append xpath="/items/item[contains(@modTag,'spicyFood')]/effect_group">
    <triggered_effect trigger="onSelfPrimaryActionEnd" action="AddBuff" target="self" buff="Spicy Burn" />
  </append>

  <!-- madmole -->
  <append xpath="/items/item[contains(@modTag,'madmole')]/effect_group">
    <triggered_effect trigger="onSelfPrimaryActionEnd" action="AddBuff" target="self" buff="madmole" />
  </append>

  <!-- forumGuy -->
  <append xpath="/items/item[contains(@modTag,'forumGuy')]/effect_group">
    <triggered_effect trigger="onSelfPrimaryActionEnd" action="AddBuff" target="self" buff="Forum Guy" />
  </append>

  <!-- spicyJerky -->
  <append xpath="/items/item[contains(@modTag,'spicyJerky')]/effect_group">
    <triggered_effect trigger="onSelfPrimaryActionEnd" action="AddBuff" target="self" buff="Heat Wave" />
  </append>

  <!-- coffeeJerky -->
  <append xpath="/items/item[contains(@modTag,'coffeeJerky')]/effect_group">
    <triggered_effect trigger="onSelfPrimaryActionEnd" action="AddBuff" target="self" buff="Caffeinated" />
  </append>

  <!-- bbqJerky -->
  <append xpath="/items/item[contains(@modTag,'bbqJerky')]/effect_group">
    <triggered_effect trigger="onSelfPrimaryActionEnd" action="AddBuff" target="self" buff="Traveling BBQ" />
  </append>

  <!-- sicilian -->
  <append xpath="/items/item[contains(@modTag,'sicilian')]/effect_group">
    <triggered_effect trigger="onSelfPrimaryActionEnd" action="AddBuff" target="self" buff="Sicilian" />
  </append>

  <!-- Non edible ingredient -->
  <append xpath="/items/item[contains(@modTag,'ingredient')]">
    <property name="DisplayType" value="food" />
    <property name="HoldType" value="31" />
    <property name="Meshfile" value="Items/Misc/parcelPrefab" />
    <property name="DropMeshfile" value="Items/Misc/sack_droppedPrefab" />
    <property name="Material" value="MresourceCrop" />
    <property name="Stacknumber" value="500" />
    <property name="EconomicValue" value="5" />
    <property name="EconomicBundleSize" value="5" />
    <property name="CraftingIngredientTime" value="5" />
  </append>

  <append xpath="/items/item[contains(@modTag,'cookingTool')]">
    <property name="HoldType" value="31" />
    <property name="Meshfile" value="Items/Misc/parcelPrefab" />
    <property name="DropMeshfile" value="Items/Misc/sack_droppedPrefab" />
    <property name="Material" value="Mmetal" />
    <property name="Stacknumber" value="1" />
    <property name="EconomicValue" value="4" />
    <property name="EconomicBundleSize" value="5" />
    <property name="CraftingIngredientTime" value="5" />
  </append>

  <!-- <append xpath="/items/item[contains(@modTag,'can')]/property[@class='Action0']">
    <property name="Create_item" value="drinkCanEmpty"/>
  </append> -->

  <append xpath="/items/item[contains(@modTag,'dry')]/effect_group">
    <triggered_effect trigger="onSelfPrimaryActionEnd" action="ModifyCVar" cvar="$waterAmountAdd" operation="subtract" value="10" />
  </append>

  <!-- Items and Tools -->
  <set xpath="/items/item[@name='bucketEmpty']/property[@name='Stacknumber']/@value">
    50
  </set>

  <!-- recipes -->
  <append xpath="/items/item[contains(@modTag,'recipeQuest')]">
    <property name="Extends" value="challengeQuestMaster"/>
    <property name="Stacknumber" value="1" />
  </append>

  <!-- Stack Sizes -->
  <append xpath="/items/item[contains(@modTag,'oneStack')]">
  </append>
  <setattribute xpath="/items/item[contains(@modTag,'oneStack')]/property[@name='Stacknumber']" name="value">
    1
  </setattribute>
  <setattribute xpath="/items/item[contains(@modTag,'100Stack')]/property[@name='Stacknumber']" name="value">
    100
  </setattribute>

</configs>
