<!--
Tiered Food
1 - Plant, basic (flour + dry)
2 - Processed, no poison no health
3 - Refined, more food/water and gives health
4 - Prepared, Refined+10

plant
processedPlant
refinedPlant
preparedPlant
-->
<configs>

  <append xpath="/items">

    <!-- Meat -->
    <item name="Delmontico" modTag="meat,noicon"> <!-- Rib -->
      <property name="CustomIcon" value="foodRawMeat"/>
      <property name="CustomIconTint" value="C50000" />
    </item>

    <item name="Rump Roast" modTag="meat,noicon"> <!-- Round -->
      <property name="CustomIcon" value="foodRawMeat"/>
      <property name="CustomIconTint" value="900000" />
    </item>

    <item name="Porterhouse" modTag="meat,noicon"> <!-- Short Loin -->
      <property name="CustomIcon" value="foodRawMeat"/>
      <property name="CustomIconTint" value="5E0000" />
    </item>

    <item name="Ground Beef" modTag="meat,noicon">
      <property name="CustomIcon" value="foodRawMeat"/>
      <property name="CustomIconTint" value="777777" />
    </item>

    <item name="Hamburger Patty" modTag="meat,noicon">
      <property name="CustomIcon" value="foodRawMeat" />
      <property name="CustomIconTint" value="777777" />
    </item>

    <item name="Veal" modTag="meat,noicon">
      <property name="CustomIcon" value="foodRawMeat"/>
      <property name="CustomIconTint" value="F1948A" />
    </item>

    <item name="Elk Scraps" modTag="meat,noicon">
      <property name="CustomIcon" value="foodRottingFlesh"/>
      <property name="CustomIconTint" value="500000" />
    </item>

    <item name="Pork Belly" modTag="meat,noicon">
      <property name="CustomIcon" value="foodRottingFlesh"/>
      <property name="CustomIconTint" value="500000" />
    </item>

    <item name="Ham" modTag="meat,noicon">
      <property name="CustomIcon" value="foodRottingFlesh"/>
      <property name="CustomIconTint" value="500000" />
    </item>

    <item name="Pork Ribs" modTag="meat,noicon">
      <property name="CustomIcon" value="foodRottingFlesh"/>
      <property name="CustomIconTint" value="500000" />
    </item>

    <item name="Chicken Breast" modTag="meat,noicon">
      <property name="CustomIcon" value="foodRottingFlesh"/>
      <property name="CustomIconTint" value="500000" />
    </item>

    <item name="Chicken Wing" modTag="meat,noicon">
      <property name="CustomIcon" value="foodRottingFlesh"/>
      <property name="CustomIconTint" value="500000" />
    </item>

    <item name="Raw Milk" modTag="noicon">
      <property name="CustomIcon" value="bucketRiverWater"/>
      <property name="CustomIconTint" value="AAAAAA" />
      <property name="HoldType" value="31" />
      <property name="DisplayType" value="food" />
      <property name="Meshfile" value="Items/Misc/parcelPrefab" />
      <property name="DropMeshfile" value="Items/Misc/sack_droppedPrefab" />
      <property name="Material" value="MfoodRawMeat" />
      <property name="Stacknumber" value="250" /> <!-- STK food -->
      <property name="EconomicValue" value="2" />
      <property name="CraftingIngredientTime" value="3" />
    </item>

    <!-- Legacy, may come back... -->
    <item name="Powdered Milk" modTag="plant,dry,hasicon">
      <property name="CustomIcon" value="foodCornMeal" />
      <property name="CustomIconTint" value="FFFFFF" />
    </item>

    <item name="Milk" modTag="drink,jar,hasicon">
      <property name="CustomIcon" value="drinkJarRiverWater" />
      <property name="CustomIconTint" value="FFFFFF" />
    </item>

    <item name="Plain Ice Cream" modTag="refinedPlant,noicon">
      <property name="CustomIcon" value="resourceTallow" />
      <property name="CustomIconTint" value="FFFFFF" />
    </item>

    <item name="Blueberry Ice Cream" modTag="refinedPlant,noicon">
      <property name="CustomIcon" value="resourceTallow" />
      <property name="CustomIconTint" value="0055FF" />
    </item>

    <item name="Butter" modTag="ingredient,noicon">
      <property name="CustomIcon" value="resourceTallow" />
      <property name="CustomIconTint" value="F0FF00" />
    </item>

    <item name="Parmesan" modTag="ingredient,noicon">
      <property name="CustomIcon" value="terrSnow" />
      <property name="CustomIconTint" value="F0FF00" />
    </item>

    <item name="Cheddar" modTag="ingredient,noicon">
      <property name="CustomIcon" value="terrSnow" />
      <property name="CustomIconTint" value="F0FF00" />
    </item>

    <item name="Buttery Delmontico" modTag="preparedPlant,noicon">
      <property name="CustomIcon" value="foodGrilledMeat" />
      <property name="CustomIconTint" value="CFB300" />
    </item>

    <item name="Rump Roast Stew" modTag="preparedPlant,noicon">
      <property name="CustomIcon" value="foodSteakAndPotato" />
      <property name="CustomIconTint" value="FFFFFF" />
    </item>

    <item name="Red Wine and Peppercorn Porterhouse" modTag="preparedPlant,noicon">
      <property name="CustomIcon" value="foodGrilledMeat" />
      <property name="CustomIconTint" value="CF6B00" />
    </item>

    <item name="Bolognese Step 1" modTag="ingredient,jar,noicon">
      <property name="CustomIcon" value="foodMeatStew" />
      <property name="CustomIconTint" value="FF4D00" />
    </item>

    <item name="Bolognese Step 2" modTag="ingredient,jar,noicon">
      <property name="CustomIcon" value="foodMeatStew" />
      <property name="CustomIconTint" value="FF4D00" />
    </item>

    <item name="Bolognese Step 3" modTag="ingredient,jar,noicon">
      <property name="CustomIcon" value="foodMeatStew" />
      <property name="CustomIconTint" value="FF4D00" />
    </item>

    <item name="Bolognese Sauce" modTag="ingredient,jar,noicon">
      <property name="CustomIcon" value="foodMeatStew" />
      <property name="CustomIconTint" value="FF4D00" />
    </item>

    <item name="Bolognese Dish" modTag="preparedPlant,jar,noicon">
      <property name="CustomIcon" value="foodMeatStew" />
      <property name="CustomIconTint" value="FF4D00" />
    </item>

    <item name="Elk Jerky" modTag="preparedPlant,noicon">
      <property name="CustomIcon" value="foodBoiledMeat" />
      <property name="CustomIconTint" value="500000" />
    </item>

    <!-- <item name="Pancetta" modTag="meat,noicon">
      <property name="CustomIcon" value="foodBoiledMeat" />
      <property name="CustomIconTint" value="500000" />
    </item> -->

    <item name="Smoked Bacon" modTag="meat,noicon">
      <property name="CustomIcon" value="foodBoiledMeat" />
      <property name="CustomIconTint" value="500000" />
    </item>

    <item name="Cured Ham" modTag="meat,noicon">
      <property name="CustomIcon" value="foodRottingFlesh"/>
      <property name="CustomIconTint" value="500000" />
    </item>

    <item name="Ham Steak" modTag="meat,noicon">
      <property name="CustomIcon" value="foodBoiledMeat"/>
      <property name="CustomIconTint" value="500000" />
    </item>

    <!-- <item name="Smoked Ham" modTag="meat,noicon">
      <property name="CustomIcon" value="foodRottingFlesh"/>
      <property name="CustomIconTint" value="500000" />
    </item> -->

    <item name="BBQ Pork Ribs" modTag="refinedPlant,noicon">
      <property name="CustomIcon" value="foodRottingFlesh"/>
      <property name="CustomIconTint" value="500000" />
    </item>

    <item name="Spicy Chicken Wings" modTag="refinedPlant,noicon">
      <property name="CustomIcon" value="foodBoiledMeat" />
      <property name="CustomIconTint" value="500000" />
    </item>

    <item name="Parmesan Crusted Chicken" modTag="preparedPlant,noicon">
      <property name="CustomIcon" value="foodBoiledMeat" />
      <property name="CustomIconTint" value="500000" />
    </item>

    <item name="Hamburger Fixings" modTag="processedPlant,noicon">
      <property name="CustomIcon" value="foodBoiledMeat" />
      <property name="CustomIconTint" value="000000" />
    </item>

    <item name="Hamburger" modTag="refinedPlant,noicon">
      <property name="CustomIcon" value="foodSteakAndPotato" />
      <property name="CustomIconTint" value="000000" />
    </item>

    <item name="Cheeseburger" modTag="refinedPlant,noicon">
      <property name="CustomIcon" value="foodSteakAndPotato" />
      <property name="CustomIconTint" value="111111" />
    </item>
    <!-- Meat -->

    <!-- Animals Items -->
    <item name="Cattle Feed" modTag="ingredient,noicon">
      <property name="CustomIcon" value="bucketRiverWater"/>
      <property name="CustomIconTint" value="888888" />
    </item>
    <item name="Chicken Feed" modTag="ingredient,noicon">
      <property name="CustomIcon" value="bucketRiverWater"/>
      <property name="CustomIconTint" value="AAAAAA" />
    </item>
    <!-- Animals Items -->

    <!--   Fruit -->
    <item name="Grape" modTag="fruit,hasicon">
      <property name="CustomIcon" value="foodCropBlueberries"/>
      <property name="CustomIconTint" value="76098E" />
    </item>

    <item name="Apple" modTag="fruit,hasicon">
      <property name="CustomIcon" value="foodCropBlueberries"/>
      <property name="CustomIconTint" value="FF0000" />
    </item>

    <item name="Orange" modTag="fruit,hasicon">
      <property name="CustomIcon" value="foodCropBlueberries"/>
      <property name="CustomIconTint" value="FFAE00" />
    </item>

    <item name="Meyer Lemon" modTag="fruit,hasicon">
      <property name="CustomIcon" value="foodCropBlueberries"/>
      <property name="CustomIconTint" value="FFD800" />
    </item>

    <item name="Lime" modTag="fruit,hasicon">
      <property name="CustomIcon" value="foodCropBlueberries"/>
      <property name="CustomIconTint" value="3AFF00" />
    </item>

    <item name="Cherry" modTag="fruit,hasicon">
      <property name="CustomIcon" value="foodCropBlueberries"/>
      <property name="CustomIconTint" value="FF4200" />
    </item>

    <item name="Olive" modTag="fruit,noicon">
      <property name="CustomIcon" value="foodCropBlueberries"/>
      <property name="CustomIconTint" value="1E8449" />
    </item>

    <item name="Walnut" modTag="fruit,noicon">
      <property name="CustomIcon" value="foodCropBlueberries"/>
      <property name="CustomIconTint" value="624700" />
    </item>

    <item name="Apple Cider" modTag="beer,jar,noicon">
      <property name="CustomIcon" value="drinkJarBoiledWater"/>
      <property name="CustomIconTint" value="FF0000" />
    </item>

    <item name="Apple Juice" modTag="drink,jar,noicon">
      <property name="CustomIcon" value="drinkJarBoiledWater"/>
      <property name="CustomIconTint" value="FF0000" />
    </item>

    <item name="Apple Pie" modTag="refinedPlant,hasicon">
      <property name="CustomIcon" value="foodBlueberryPie"/>
      <property name="CustomIconTint" value="FF0000" />
    </item>

    <item name="Cherry Pie" modTag="refinedPlant,hasicon">
      <property name="CustomIcon" value="foodBlueberryPie"/>
      <property name="CustomIconTint" value="FF4200" />
    </item>

    <item name="Orange Juice" modTag="drink,jar,noicon">
      <property name="CustomIcon" value="drinkJarBoiledWater"/>
      <property name="CustomIconTint" value="FFAE00" />
    </item>

    <item name="Lemon Lime Coolaid" modTag="drink,jar,noicon">
      <property name="CustomIcon" value="drinkJarBoiledWater"/>
      <property name="CustomIconTint" value="3AFF00" />
    </item>

    <item name="Mojito" modTag="mixedDrink,hasicon">
      <property name="CustomIcon" value="drinkJarBoiledWater"/>
      <property name="CustomIconTint" value="3AFF00" />
    </item>

    <!--   Wine -->
    <item name="Port Wine" modTag="wine,jar,noicon">
      <property name="CustomIcon" value="drinkJarBoiledWater" />
      <property name="CustomIconTint" value="490059" />
    </item>

    <item name="Merlot" modTag="wine,jar,noicon">
      <property name="CustomIcon" value="drinkJarBoiledWater" />
      <property name="CustomIconTint" value="76098E" />
    </item>

    <item name="White Zin" modTag="wine,jar,noicon">
      <property name="CustomIcon" value="drinkJarBoiledWater" />
      <property name="CustomIconTint" value="D5BADB" />
    </item>

    <item name="Pink Rose" modTag="wine,jar,noicon">
      <property name="CustomIcon" value="drinkJarBoiledWater" />
      <property name="CustomIconTint" value="C469D8" />
    </item>

    <!--   Ingredients -->

    <item name="Light Malt" modTag="ingredient,noicon">
      <property name="CustomIcon" value="foodCornMeal" />
      <property name="CustomIconTint" value="DDEE0B" />
    </item>

    <item name="Golden Malt" modTag="ingredient,noicon">
      <property name="CustomIcon" value="foodCornMeal" />
      <property name="CustomIconTint" value="B8C608" />
    </item>

    <item name="Dark Malt" modTag="ingredient,noicon">
      <property name="CustomIcon" value="foodCornMeal" />
      <property name="CustomIconTint" value="727A04" />
    </item>

    <item name="Black Pepper" modTag="ingredient,hasicon">
      <property name="CustomIcon" value="resourceGunPowder" />
      <property name="CustomIconTint" value="000000" />
    </item>

    <item name="Black Pepper Corn" modTag="ingredient,hasicon">
      <property name="CustomIcon" value="resourceBuckshot" />
      <property name="CustomIconTint" value="000000" />
    </item>

    <item name="Salt" modTag="ingredient,hasicon">
      <property name="CustomIcon" value="resourcePotassiumNitratePowder" />
      <property name="CustomIconTint" value="FFFFFF" />
    </item>

    <item name="Halite" modTag="ingredient,hasicon">
    	<property name="CustomIcon" value="terrSnow"/>
      <property name="CustomIconTint" value="F3FF00" />
    </item>

    <item name="Salt and Pepper" modTag="ingredient,noicon">
      <property name="CustomIcon" value="resourcePotassiumNitratePowder" />
      <property name="CustomIconTint" value="888888" />
    </item>

    <item name="Grape Pulp" modTag="ingredient,hasicon">
      <property name="CustomIcon" value="medicalAloeCream"/>
      <property name="CustomIconTint" value="76098E" />
    </item>

    <item name="Grape Extract" modTag="ingredient,hasicon">
      <property name="CustomIcon" value="drinkJarBeer"/>
      <property name="CustomIconTint" value="76098E" />
    </item>

    <item name="Briney Water" modTag="ingredient,noicon">
      <property name="CustomIcon" value="bucketRiverWater"/>
      <property name="CustomIconTint" value="0008FF" />
    </item>

    <item name="Ground Hot Pepper" modTag="ingredient,noicon">
      <property name="CustomIcon" value="resourceCandyTin"/>
      <property name="CustomIconTint" value="AA0000" />
    </item>

    <item name="Cooking Vinegar" modTag="ingredient,noicon">
      <property name="CustomIcon" value="drinkJarBoiledWater"/>
      <property name="CustomIconTint" value="FFFFFF" />
    </item>

    <!-- <item name="Lard" modTag="ingredient,noicon">
      <property name="CustomIcon" value="resourceTallow"/>
      <property name="CustomIconTint" value="FFFFFF" />
    </item> -->

    <!--  Beer -->
    <item name="Beer IPA" modTag="beer,jar,hasicon">
      <property name="CustomIcon" value="drinkJarBeer" />
      <property name="CustomIconTint" value="957D1A" />
    </item>

    <item name="Beer Stout" modTag="beer,jar,hasicon">
      <property name="CustomIcon" value="drinkJarBeer" />
      <property name="CustomIconTint" value="4B3C00" />
    </item>

    <item name="Beer Lager" modTag="beer,jar,hasicon">
      <property name="CustomIcon" value="drinkJarBeer" />
      <property name="CustomIconTint" value="83E135" />
    </item>

    <item name="Beer Cheap" modTag="beer,jar,hasicon">
      <property name="CustomIcon" value="drinkJarBeer" />
      <property name="CustomIconTint" value="F7FF00" />
    </item>

    <!--  Peppers -->
    <item name="Ghost Pepper" modTag="plant,spicy,noicon">
      <property name="CustomIcon" value="foodCropPotato"/>
      <property name="CustomIconTint" value="FF0000" />
    </item>

    <!--  Hops -->
    <item name="Bitter Hops" modTag="plant,noicon">
      <property name="CustomIcon" value="plantedHop3Harvest" />
      <property name="CustomIconTint" value="6D3C11" />
    </item>

    <item name="Floral Hops" modTag="plant,noicon">
      <property name="CustomIcon" value="plantedHop3Harvest" />
      <property name="CustomIconTint" value="D26C11" />
    </item>

    <!--  Sorghum -->
    <item name="Sorghum" modTag="plant,hasicon">
      <property name="CustomIcon" value="foodCropCorn" />
      <property name="CustomIconTint" value="718800" />
    </item>

    <!--  Liquid Veg -->
    <item name="Liquid Veg" modTag="drink,jar,noicon">
      <property name="CustomIcon" value="drinkJarRiverWater" />
      <property name="CustomIconTint" value="A8F96F" />
    </item>

    <!--  Mixed Greens -->
    <item name="Mixed Greens" modTag="refinedPlant,noicon">
      <property name="CustomIcon" value="foodVegetableStew" />
      <property name="CustomIconTint" value="A8F96F" />
    </item>

    <!--  Veggie Mash -->
    <item name="Veggie Mash" modTag="refinedPlant,noicon">
      <property name="CustomIcon" value="foodVegetableStew" />
      <property name="CustomIconTint" value="00AA76" />
    </item>

    <!--  Onion -->
    <item name="Onion" modTag="plant,noicon">
      <property name="CustomIcon" value="plantedGoldenrod3Harvest"/>
      <property name="CustomIconTint" value="9B3400" />
    </item>

    <item name="Sauteed Onions" modTag="processedPlant,noicon">
      <property name="CustomIcon" value="plantedChrysanthemum3Harvest"/>
      <property name="CustomIconTint" value="9B3400" />
    </item>
    <!--  Onion -->

    <!--  Celery -->
    <item name="Celery" modTag="plant,noicon">
      <property name="CustomIcon" value="plantedGoldenrod3Harvest"/>
      <property name="CustomIconTint" value="7DCEA0" />
    </item>

    <item name="Crunchy Celery" modTag="processedPlant,noicon">
      <property name="CustomIcon" value="plantedChrysanthemum3Harvest"/>
      <property name="CustomIconTint" value="7DCEA0" />
    </item>
    <!--  Celery -->

    <!--  Olive -->
    <item name="Olive Oil" modTag="ingredient,noicon">
      <property name="CustomIcon" value="drinkJarRiverWater"/>
      <property name="CustomIconTint" value="1E8449" />
    </item>
    <item name="Olive Paste" modTag="ingredient,noicon">
      <property name="CustomIcon" value="medicalAloeCream"/>
      <property name="CustomIconTint" value="1E8449" />
    </item>
    <item name="Canned Olives" modTag="refinedPlant,noicon,can">
      <property name="CustomIcon" value="drinkCanEmpty"/>
      <property name="CustomIconTint" value="1E8449" />
    </item>
    <!--  Olive -->

    <!--  Maple -->
    <item name="Maple Sap" modTag="ingredient,noicon">
      <property name="CustomIcon" value="drinkJarRiverWater"/>
      <property name="CustomIconTint" value="622100" />
    </item>
    <item name="Maple Syrup" modTag="ingredient,noicon">
      <property name="CustomIcon" value="resourceGlue"/>
      <property name="CustomIconTint" value="622100" />
    </item>
    <!--  Maple -->

    <!--  Cinnamon -->
    <item name="Cinnamon Bark" modTag="ingredient,noicon">
      <property name="CustomIcon" value="foodCropBlueberries"/>
      <property name="CustomIconTint" value="1E8449" />
    </item>
    <item name="Ground Cinnamon" modTag="ingredient,noicon">
      <property name="CustomIcon" value="resourceGunPowder"/>
      <property name="CustomIconTint" value="1E8449" />
    </item>
    <!--  Cinnamon -->

    <!--  Broccoli -->
    <item name="Broccoli" modTag="plant,hasicon">
      <property name="CustomIcon" value="plantedGoldenrod3Harvest"/>
      <property name="CustomIconTint" value="22AA00" />
    </item>

    <item name="Steamed Broccoli" modTag="processedPlant,hasicon">
      <property name="CustomIcon" value="foodVegetableStew"/>
      <property name="CustomIconTint" value="22AA00" />
    </item>
    <!--  Broccoli -->

    <!--  Squash -->
    <item name="Squash" modTag="plant,hasicon">
      <property name="CustomIcon" value="foodCropPotato"/>
      <property name="CustomIconTint" value="BDFF00" />
    </item>

    <item name="Grilled Squash" modTag="processedPlant,hasicon">
      <property name="CustomIcon" value="foodVegetableStew"/>
      <property name="CustomIconTint" value="BDFF00" />
    </item>
    <!--  Squash -->

    <!--  Romaine -->
    <item name="Romaine" modTag="plant,hasicon">
      <property name="CustomIcon" value="plantedGoldenrod3Harvest"/>
      <property name="CustomIconTint" value="00FF3E" />
    </item>

    <item name="Romaine Salad" modTag="processedPlant,hasicon">
      <property name="CustomIcon" value="foodVegetableStew"/>
      <property name="CustomIconTint" value="00FF3E" />
    </item>
    <!--  Romaine -->

    <!--  Carrot -->
    <item name="Carrot" modTag="plant,hasicon">
      <property name="CustomIcon" value="foodCropCorn"/>
      <property name="CustomIconTint" value="FF6C00" />
    </item>

    <item name="Roasted Carrot" modTag="processedPlant,hasicon">
      <property name="CustomIcon" value="foodCornOnTheCob"/>
      <property name="CustomIconTint" value="FF6C00" />
    </item>
    <!--  Carrot -->

    <!--  Tomato -->
    <item name="Tomato" modTag="plant,hasicon">
      <property name="CustomIcon" value="foodCropBlueberries"/>
      <property name="CustomIconTint" value="FF4D00" />
    </item>

    <item name="Crushed Tomato" modTag="processedPlant,can,hasicon">
      <property name="CustomIcon" value="drinkCanEmpty"/>
      <property name="CustomIconTint" value="FF4D00" />
    </item>

    <item name="Ketchup Step 1" modTag="ingredient,noicon">
      <property name="CustomIcon" value="medicalAloeCream"/>
      <property name="CustomIconTint" value="FF4D00" />
    </item>

    <item name="Ketchup" modTag="processedPlant,noicon">
      <property name="CustomIcon" value="medicalAloeCream"/>
      <property name="CustomIconTint" value="FF4D00" />
    </item>

    <item name="Spicy BBQ Sauce" modTag="processedPlant,noicon">
      <property name="CustomIcon" value="drinkJarBoiledWater"/>
      <property name="CustomIconTint" value="AA0000" />
    </item>

    <item name="Marinara" modTag="refinedPlant,jar,hasicon">
      <property name="CustomIcon" value="drinkJarRiverWater" />
      <property name="CustomIconTint" value="FF4D00" />
    </item>
    <!--  Tomato -->

    <!--  Wheat -->
    <item name="Wheat" modTag="plant,hasicon">
      <property name="CustomIcon" value="foodCropCorn" />
      <property name="CustomIconTint" value="888888" />
    </item>

    <item name="Wheat Flour" modTag="plant,dry,hasicon">
      <property name="CustomIcon" value="foodCornMeal" />
      <property name="CustomIconTint" value="888888" />
    </item>

    <item name="Bread Dough" modTag="plant,noicon">
      <property name="CustomIcon" value="resourceTallow" />
      <property name="CustomIconTint" value="888888" />
    </item>

    <item name="Wheat Bread" modTag="preparedPlant,hasicon">
      <property name="CustomIcon" value="foodCornBread" />
      <property name="CustomIconTint" value="888888" />
    </item>

    <item name="Hamburger Bun" modTag="preparedPlant,noicon">
      <property name="CustomIcon" value="foodCornBread" />
      <property name="CustomIconTint" value="888888" />
    </item>
    <!--  Wheat -->

    <!-- Penne -->
    <item name="Penne" modTag="refinedPlant,hasicon,dry">
      <property name="CustomIcon" value="drinkJarRiverWater" />
      <property name="CustomIconTint" value="FFFFFF" />
    </item>

    <item name="Bechamel" modTag="refinedPlant,hasicon">
      <property name="CustomIcon" value="drinkJarRiverWater" />
      <property name="CustomIconTint" value="FFFFFF" />
    </item>

    <item name="Pasta Meal" modTag="preparedPlant,hasicon">
      <property name="CustomIcon" value="foodMeatStew" />
      <property name="CustomIconTint" value="FFFFFF" />
    </item>
    <!-- Penne -->

    <!--  Breakfast -->
    <item name="Hashbrowns" modTag="processedPlant,noicon">
      <property name="CustomIcon" value="foodCropPotato" />
      <property name="CustomIconTint" value="FFC300" />
    </item>
    <item name="Joel's Breakfast" modTag="preparedPlant,noicon,madmole">
      <property name="CustomIcon" value="foodSteakAndPotato" />
      <property name="CustomIconTint" value="FFC300" />
    </item>
    <item name="Roland's Breakfast" modTag="preparedPlant,noicon,forumGuy">
      <property name="CustomIcon" value="foodSteakAndPotato" />
      <property name="CustomIconTint" value="FFC300" />
    </item>
    <!--  Breakfast -->

    <!-- Asian -->
    <item name="Stir Fry Vegetables" modTag="refinedPlant,noicon">
      <property name="CustomIcon" value="foodVegetableStew" />
      <property name="CustomIconTint" value="00AA76" />
    </item>
    <!-- Asian -->

    <!-- Pizza -->
    <item name="Cheese Pizza" modTag="preparedPlant,noicon">
      <property name="CustomIcon" value="foodCornBread" />
      <property name="CustomIconTint" value="8EA200" />
    </item>
    <!-- Pizza -->

    <!-- Items and Tools -->

    <item name="Feeding Trough" modTag="ingredient,noicon">
      <property name="CustomIcon" value="bucketEmpty"/>
      <property name="CustomIconTint" value="888888" />
    </item>

    <item name="Salt Shaker" modTag="ingredient,noicon">
      <property name="CustomIcon" value="candle"/>
      <property name="CustomIconTint" value="FFFFFF" />
    </item>

    <item name="Black Pepper Tin" modTag="ingredient,noicon">
      <property name="CustomIcon" value="resourceCandyTin"/>
      <property name="CustomIconTint" value="000000" />
    </item>

    <item name="Maple Woodchips" modTag="ingredient,noicon">  <!-- Light -->
      <property name="CustomIcon" value="resourceWood"/>
      <property name="CustomIconTint" value="FF4200" />
    </item>

    <item name="Apple Woodchips" modTag="ingredient,noicon"> <!-- Medium -->
      <property name="CustomIcon" value="resourceWood"/>
      <property name="CustomIconTint" value="FF0000" />
    </item>

    <item name="Walnut Woodchips" modTag="ingredient,noicon"> <!-- Strong -->
      <property name="CustomIcon" value="resourceWood"/>
      <property name="CustomIconTint" value="624700" />
    </item>

    <item name="Mesquite Woodchips" modTag="ingredient,noicon"> <!-- Mesquite -->
      <property name="CustomIcon" value="resourceWood"/>
      <property name="CustomIconTint" value="FF4200" />
    </item>

    <item name="Tongs" modTag="cookingTool,noicon">
      <property name="CustomIcon" value="meleeToolShovelIron"/>
      <property name="CustomIconTint" value="888888" />
    </item>

    <item name="Spatula" modTag="cookingTool,noicon">
      <property name="CustomIcon" value="meleeToolShovelIron"/>
      <property name="CustomIconTint" value="888888" />
    </item>

    <item name="Ceramic Dutch Oven" modTag="cookingTool,noicon">
      <property name="CustomIcon" value="toolCookingPot"/>
      <property name="CustomIconTint" value="888888" />
    </item>

    <item name="Dough Hook" modTag="cookingTool,noicon">
      <property name="CustomIcon" value="meleeCandyCaneClub"/>
      <property name="CustomIconTint" value="000000" />
    </item>

    <item name="Veggie Attachment" modTag="cookingTool,noicon">
      <property name="CustomIcon" value="medicalSplint"/>
      <property name="CustomIconTint" value="000000" />
    </item>

    <item name="Ice Cream Bowl" modTag="cookingTool,noicon">
      <property name="CustomIcon" value="toolCookingPot"/>
      <property name="CustomIconTint" value="000000" />
    </item>

    <item name="Meat Grinder" modTag="cookingTool,noicon">
      <property name="CustomIcon" value="resourceTrophy3"/>
      <property name="CustomIconTint" value="000000" />
    </item>

    <item name="Grain Miller" modTag="cookingTool,noicon">
      <property name="CustomIcon" value="resourceTrophy1"/>
      <property name="CustomIconTint" value="000000" />
    </item>

    <item name="Pasta Helper" modTag="cookingTool,noicon">
      <property name="CustomIcon" value="resourceAirFilter"/>
      <property name="CustomIconTint" value="000000" />
    </item>

    <item name="Frying Pan" modTag="cookingTool,noicon">
      <property name="CustomIcon" value="toolCookingPot"/>
      <property name="CustomIconTint" value="000000" />
    </item>

    <item name="Wok" modTag="cookingTool,noicon">
      <property name="CustomIcon" value="toolCookingPot"/>
      <property name="CustomIconTint" value="000000" />
    </item>

    <item name="Baking Sheet" modTag="cookingTool,noicon">
      <property name="CustomIcon" value="toolCookingPot"/>
      <property name="CustomIconTint" value="000000" />
    </item>

    <item name="Pizza Stone" modTag="cookingTool,noicon">
      <property name="CustomIcon" value="toolCookingPot"/>
      <property name="CustomIconTint" value="000000" />
    </item>

    <item name="PyreX Bakeware" modTag="cookingTool,noicon">
      <property name="CustomIcon" value="toolCookingPot"/>
      <property name="CustomIconTint" value="000000" />
    </item>

    <item name="Pitch Fork" modTag="noicon">
      <property name="CustomIcon" value="meleeToolHoeIron" />
      <property name="CustomIconTint" value="888888" />
    	<property name="Tags" value="melee,medium,tool,perkDeepCuts,perkLivingOffTheLandCrops" />
    	<property name="DisplayType" value="melee" />
    	<property name="HoldType" value="50" />
    	<property name="Meshfile" value="Items/Tools/hoe_ironPrefab" />
    	<property name="Material" value="Mmetal" />
    	<property name="RepairTools" value="resourceForgedIron" />
    	<property name="DegradationBreaksAfter" value="false" />
    	<property name="SoundJammed" value="ItemNeedsRepair" />
    	<property name="SoundDestroy" value="wooddestroy1" />
    	<property name="FuelValue" value="250" />
    	<property name="EconomicValue" value="200" />
    	<property class="Action0">
    		<property name="Class" value="DynamicMelee" />
    		<property name="Sphere" value="0.15" />
    		<property name="Sound_start" value="swoosh" />
    		<property name="ToolCategory.cropHarvest" value="1" param1="1" />
    	</property>
    	<property class="Action1"> <!-- UseAction -->
    		<property name="Class" value="Repair" />
    		<property name="Repair_amount" value="30" />
    		<property name="Upgrade_hit_offset" value="-4" />
    		<property name="Sound_start" value="repair_block" />
    		<property name="Delay" value="1.3" /> <!-- Repair actions still need the delay amount -->
    		<property name="Upgrade_action_sound" value="ImpactSurface/metalhitearth" />
    		<property name="Allowed_upgrade_items" value="Cattle Feed,Chicken Feed" />
    	</property>
    	<effect_group name="Base Effects">
    		<passive_effect name="MaxRange" operation="base_set" value="2.9" />
    		<passive_effect name="BlockRange" operation="base_set" value="10" />
    		<passive_effect name="EntityDamage" operation="base_set" value="10" /> <!-- meleeToolHoeIron -->
    		<passive_effect name="BlockDamage" operation="base_set" value="10" />
    		<passive_effect name="DamageModifier" operation="perc_add" value="-.5" tags="wood" />
    		<passive_effect name="DamageModifier" operation="perc_add" value="0" tags="earth" />
    		<passive_effect name="DamageModifier" operation="perc_set" value="-.9" tags="stone" />
    		<passive_effect name="DamageModifier" operation="perc_set" value="-.9" tags="metal" />
    		<passive_effect name="AttacksPerMinute" operation="base_set" value="49" />
    		<passive_effect name="StaminaLoss" operation="base_set" value="16.1" tags="primary" />
    		<passive_effect name="DegradationMax" operation="base_set" value="200,500" tier="1,6" />
    		<passive_effect name="ModSlots" operation="base_set" value="0,5" tier="1,6" />
    		<passive_effect name="ModPowerBonus" operation="perc_add" value=".15" tags="EntityDamage,BlockDamage" />
    		<passive_effect name="ModPowerBonus" operation="base_add" value="200" tags="EconomicValue" />
    	</effect_group>
    	<property name="Group" value="Tools/Traps" />
    	<property name="PickupJournalEntry" value="farmingTip" />
    	<property name="ActionSkillGroup" value="Mining Tools" />
    	<property name="CraftingSkillGroup" value="craftSkillTools" />
    	<property name="RepairExpMultiplier" value="5.5" />
    </item>
  </append>

  <!-- Tier 1 : Fruit and Plants -->
  <append xpath="/items/item[contains(@modTag,'fruit')]">
    <property name="DisplayType" value="food" />
    <property name="HoldType" value="31" />
    <property name="Meshfile" value="Items/Misc/parcelPrefab" />
    <property name="DropMeshfile" value="Items/Misc/sack_droppedPrefab" />
    <property name="Material" value="MresourceCrop" />
    <property name="Stacknumber" value="500" /> <!-- STK resource -->
    <property name="EconomicValue" value="4" />
    <property name="EconomicBundleSize" value="5" />
    <property name="CraftingIngredientTime" value="5" />
    <property class="Action0">
      <property name="Class" value="Eat" />
      <property name="Delay" value="1.0" />
      <property name="Sound_start" value="player_eating" />
    </property>
    <property name="Group" value="Food/Cooking" />
    <effect_group tiered="false">
      <triggered_effect trigger="onSelfPrimaryActionEnd" action="ModifyCVar" cvar="$foodAmountAdd" operation="add" value="2" />
      <triggered_effect trigger="onSelfPrimaryActionEnd" action="ModifyCVar" cvar="$waterAmountAdd" operation="add" value="2"/>
      <triggered_effect trigger="onSelfPrimaryActionEnd" action="AddBuff" target="self" buff="buffProcessConsumables" />
      <triggered_effect trigger="onSelfPrimaryActionEnd" action="AddBuff" target="self" buff="buffIllFoodPoisoning0">
        <requirement name="RandomRoll" seed_type="Random" target="self" min_max="0,100" operation="LTE" value="10" />
      </triggered_effect>
      <display_value name="FoodPoisoningRisk" value=".1" />
    </effect_group>
  </append>

  <append xpath="/items/item[contains(@modTag,'plant')]">
    <property name="DisplayType" value="food" />
    <property name="HoldType" value="31" />
    <property name="Meshfile" value="Items/Misc/parcelPrefab" />
    <property name="DropMeshfile" value="Items/Misc/sack_droppedPrefab" />
    <property name="Material" value="MresourceCrop" />
    <property name="Stacknumber" value="500" /> <!-- STK resource -->
    <property name="EconomicValue" value="4" />
    <property name="EconomicBundleSize" value="5" />
    <property name="CraftingIngredientTime" value="5" />
    <property class="Action0">
      <property name="Class" value="Eat" />
      <property name="Delay" value="1.0" />
      <property name="Sound_start" value="player_eating" />
    </property>
    <property name="Group" value="Food/Cooking" />
    <effect_group tiered="false">
      <triggered_effect trigger="onSelfPrimaryActionEnd" action="ModifyCVar" cvar="$foodAmountAdd" operation="add" value="2" />
      <triggered_effect trigger="onSelfPrimaryActionEnd" action="ModifyCVar" cvar="$waterAmountAdd" operation="add" value="2"/>
      <triggered_effect trigger="onSelfPrimaryActionEnd" action="AddBuff" target="self" buff="buffProcessConsumables" />
      <triggered_effect trigger="onSelfPrimaryActionEnd" action="AddBuff" target="self" buff="buffIllFoodPoisoning0">
        <requirement name="RandomRoll" seed_type="Random" target="self" min_max="0,100" operation="LTE" value="10" />
      </triggered_effect>
      <display_value name="FoodPoisoningRisk" value=".1" />
    </effect_group>
  </append>

  <!-- Tier 2 : Processed Plants -->
  <append xpath="/items/item[contains(@modTag,'processedPlant')]">
    <property name="HoldType" value="31"/>
    <property name="DisplayType" value="food" />
    <property name="Meshfile" value="Items/Misc/parcelPrefab"/>
    <property name="DropMeshfile" value="Items/Misc/sack_droppedPrefab"/>
    <property name="Material" value="Mmetal"/>
    <property name="Weight" value="5"/>
    <property name="EconomicValue" value="8"/>
    <property name="Stacknumber" value="50"/> <!-- STK food -->
    <property class="Action0">
      <property name="Class" value="Eat"/>
      <property name="Delay" value="1.0"/>
      <property name="Use_time" value="..."/>
      <property name="Sound_start" value="player_eating"/>
    </property>
    <property name="Group" value="Food/Cooking"/>
    <effect_group tiered="false">
      <triggered_effect trigger="onSelfPrimaryActionEnd" action="ModifyCVar" cvar="$foodAmountAdd" operation="add" value="5"/>
      <triggered_effect trigger="onSelfPrimaryActionEnd" action="AddBuff" target="self" buff="buffProcessConsumables"/>
    </effect_group>
  </append>

  <!-- Tier 3 : Refined Plants -->
  <append xpath="/items/item[contains(@modTag,'refinedPlant')]">
    <property name="HoldType" value="31" />
    <property name="DisplayType" value="food" />
    <property name="Meshfile" value="Items/Misc/parcelPrefab" />
    <property name="DropMeshfile" value="Items/Misc/sack_droppedPrefab" />
    <property name="Material" value="Morganic" />
    <property name="Stacknumber" value="50" /> <!-- STK food -->
    <property name="EconomicValue" value="16" />
    <property class="Action0">
      <property name="Class" value="Eat" />
      <property name="Delay" value="1.0" />
      <property name="Use_time" value="..." />
      <property name="Sound_start" value="player_eating" />
    </property>
    <property name="Group" value="Food/Cooking" />
    <effect_group tiered="false">
      <triggered_effect trigger="onSelfPrimaryActionEnd" action="ModifyCVar" cvar="$foodAmountAdd" operation="add" value="12" />
      <triggered_effect trigger="onSelfPrimaryActionEnd" action="ModifyCVar" cvar="foodHealthAmount" operation="add" value="12"/>
      <triggered_effect trigger="onSelfPrimaryActionEnd" action="AddBuff" target="self" buff="buffProcessConsumables" />
    </effect_group>
  </append>

  <!-- Tier 4 : Prepared Plants -->
  <append xpath="/items/item[contains(@modTag,'preparedPlant')]">
    <property name="HoldType" value="31" />
    <property name="DisplayType" value="food" />
    <property name="Meshfile" value="Items/Misc/parcelPrefab" />
    <property name="DropMeshfile" value="Items/Misc/sack_droppedPrefab" />
    <property name="Material" value="Morganic" />
    <property name="Stacknumber" value="50" /> <!-- STK food -->
    <property name="EconomicValue" value="32" />
    <property class="Action0">
      <property name="Class" value="Eat" />
      <property name="Delay" value="1.0" />
      <property name="Use_time" value="..." />
      <property name="Sound_start" value="player_eating" />
    </property>
    <property name="Group" value="Food/Cooking" />
    <effect_group tiered="false">
      <triggered_effect trigger="onSelfPrimaryActionEnd" action="ModifyCVar" cvar="$foodAmountAdd" operation="add" value="25" />
      <triggered_effect trigger="onSelfPrimaryActionEnd" action="ModifyCVar" cvar="foodHealthAmount" operation="add" value="25"/>
      <triggered_effect trigger="onSelfPrimaryActionEnd" action="AddBuff" target="self" buff="buffProcessConsumables" />
    </effect_group>
  </append>

  <!-- Drink -->
  <append xpath="/items/item[contains(@modTag,'drink')]">
    <property name="HoldType" value="3" />
    <property name="DisplayType" value="water" />
    <property name="Meshfile" value="Items/Food/bottled_waterPrefab" />
    <property name="DropMeshfile" value="Items/Misc/sack_droppedPrefab" />
    <property name="Material" value="Mglass" />
    <property name="Weight" value="10" />
    <property name="Stacknumber" value="15" /> <!-- STK drink -->
    <property name="EconomicValue" value="100" />
    <property class="Action0">
      <property name="Class" value="Eat" />
      <property name="Delay" value="2" />
      <property name="Use_time" value="..." />
      <property name="Sound_start" value="player_drinking" />
      <property name="Create_item" value="drinkJarEmpty" />
    </property>
    <effect_group tiered="false" modTag="drink">
      <requirement name="NotHasBuff" buff="buffIsOnFire" />
      <triggered_effect trigger="onSelfPrimaryActionEnd" action="ModifyCVar" cvar="$waterAmountAdd" operation="add" value="20"/>
      <display_value name="staminaAmount" value=".15" />
      <triggered_effect trigger="onSelfPrimaryActionEnd" action="AddBuff" target="self" buff="buffProcessConsumables"/>
    </effect_group>
    <effect_group tiered="false">
      <requirement name="HasBuff" buff="buffIsOnFire" />
        <triggered_effect trigger="onSelfPrimaryActionEnd" action="AddBuff" target="self" buff="buffExtinguishFire" />
    </effect_group>
  </append>

  <append xpath="/items/item[@name='Liquid Veg']/effect_group[contains(@modTag,'drink')]">
    <triggered_effect trigger="onSelfPrimaryActionEnd" action="AddBuff" target="self" buff="Vitamin B" />
  </append>

  <append xpath="/items/item[@name='Orange Juice']/effect_group[contains(@modTag,'drink')]">
    <triggered_effect trigger="onSelfPrimaryActionEnd" action="AddBuff" target="self" buff="Vitamin C" />
  </append>

  <append xpath="/items/item[@name='Lemon Lime Coolaid']/effect_group[contains(@modTag,'drink')]">
    <triggered_effect trigger="onSelfPrimaryActionEnd" action="AddBuff" target="self" buff="Sugar Rush" />
  </append>

  <append xpath="/items/item[@name='Milk']/effect_group[contains(@modTag,'drink')]">
    <triggered_effect trigger="onSelfPrimaryActionEnd" action="AddBuff" target="self" buff="Strong Bones" />
  </append>

  <!-- Beer -->
  <append xpath="/items/item[contains(@modTag,'beer')]">
  	<property name="HoldType" value="3" />
  	<property name="Meshfile" value="Items/Food/bottled_waterPrefab" />
  	<property name="DropMeshfile" value="Items/Misc/sack_droppedPrefab" />
  	<property name="Material" value="Mglass" />
  	<property name="Weight" value="10" />
  	<property name="Stacknumber" value="15" /> <!-- STK drink -->
  	<property name="EconomicValue" value="100" />
  	<property class="Action0">
  		<property name="Class" value="Eat" />
  		<property name="Delay" value="2" />
  		<property name="Use_time" value="..." />
  		<property name="Sound_start" value="player_drinking" />
  		<property name="Create_item" value="drinkJarEmpty" />
  	</property>
  	<effect_group tiered="false">
  		<requirement name="NotHasBuff" buff="buffIsOnFire" />
  		<triggered_effect trigger="onSelfPrimaryActionEnd" action="AddBuff" target="self" buff="Beer Lover" />
  	</effect_group>
  	<effect_group tiered="false">
  		<requirement name="HasBuff" buff="buffIsOnFire" />
  			<triggered_effect trigger="onSelfPrimaryActionEnd" action="AddBuff" target="self" buff="buffExtinguishFire" />
  	</effect_group>
  </append>
  <setattribute xpath="/items/item[@name='Beer Cheap']/effect_group/triggered_effect[@buff='Beer Lover']" name="buff">
    Redneck
  </setattribute>

  <!-- wine -->
  <append xpath="/items/item[contains(@modTag,'wine')]">
  	<property name="HoldType" value="3" />
  	<property name="Meshfile" value="Items/Food/bottled_waterPrefab" />
  	<property name="DropMeshfile" value="Items/Misc/sack_droppedPrefab" />
  	<property name="Material" value="Mglass" />
  	<property name="Weight" value="10" />
  	<property name="Stacknumber" value="15" /> <!-- STK drink -->
  	<property name="EconomicValue" value="100" />
  	<property class="Action0">
  		<property name="Class" value="Eat" />
  		<property name="Delay" value="2" />
  		<property name="Use_time" value="..." />
  		<property name="Sound_start" value="player_drinking" />
  		<property name="Create_item" value="drinkJarEmpty" />
  	</property>
  	<effect_group tiered="false">
  		<requirement name="NotHasBuff" buff="buffIsOnFire" />
  		<triggered_effect trigger="onSelfPrimaryActionEnd" action="AddBuff" target="self" buff="Wine Connoisseur" />
  	</effect_group>
  	<effect_group tiered="false">
  		<requirement name="HasBuff" buff="buffIsOnFire" />
  			<triggered_effect trigger="onSelfPrimaryActionEnd" action="AddBuff" target="self" buff="buffExtinguishFire" />
  	</effect_group>
  </append>

  <!-- mixedDrink -->
  <append xpath="/items/item[contains(@modTag,'mixedDrink')]">
  	<property name="HoldType" value="3" />
  	<property name="Meshfile" value="Items/Food/bottled_waterPrefab" />
  	<property name="DropMeshfile" value="Items/Misc/sack_droppedPrefab" />
  	<property name="Material" value="Mglass" />
  	<property name="Weight" value="10" />
  	<property name="Stacknumber" value="15" /> <!-- STK drink -->
  	<property name="EconomicValue" value="100" />
  	<property class="Action0">
  		<property name="Class" value="Eat" />
  		<property name="Delay" value="2" />
  		<property name="Use_time" value="..." />
  		<property name="Sound_start" value="player_drinking" />
  		<property name="Create_item" value="drinkJarEmpty" />
  	</property>
  	<effect_group tiered="false">
  		<requirement name="NotHasBuff" buff="buffIsOnFire" />
  		<triggered_effect trigger="onSelfPrimaryActionEnd" action="AddBuff" target="self" buff="Mixed Drink" />
  	</effect_group>
  	<effect_group tiered="false">
  		<requirement name="HasBuff" buff="buffIsOnFire" />
  			<triggered_effect trigger="onSelfPrimaryActionEnd" action="AddBuff" target="self" buff="buffExtinguishFire" />
  	</effect_group>
  </append>

  <!-- Meat -->
  <append xpath="/items/item[contains(@modTag,'meat')]">
  	<property name="HoldType" value="31" />
  	<property name="DisplayType" value="food" />
  	<property name="Meshfile" value="Items/Misc/parcelPrefab" />
  	<property name="DropMeshfile" value="Items/Misc/sack_droppedPrefab" />
  	<property name="Material" value="MfoodRawMeat" />
  	<property name="Stacknumber" value="250" /> <!-- STK food -->
  	<property name="EconomicValue" value="2" />
  	<property name="CraftingIngredientTime" value="3" />
  	<property class="Action0">
  		<property name="Class" value="Eat" />
  		<property name="Delay" value="1.0" />
  		<property name="Use_time" value="..." />
  		<property name="Sound_start" value="player_eating" />
  	</property>
  	<property name="Smell" value="ExLargeSmell" />
  	<property name="Group" value="Food/Cooking" />

  	<effect_group tiered="false">
  		<triggered_effect trigger="onSelfPrimaryActionEnd" action="ModifyCVar" cvar="$foodAmountAdd" operation="add" value="5" />
  		<triggered_effect trigger="onSelfPrimaryActionEnd" action="ModifyCVar" cvar="foodHealthAmount" operation="add" value="5" />
  		<triggered_effect trigger="onSelfPrimaryActionEnd" action="AddBuff" target="self" buff="buffProcessConsumables" />
  		<triggered_effect trigger="onSelfPrimaryActionEnd" action="AddBuff" target="self" buff="buffIllFoodPoisoning0">
  			<requirement name="RandomRoll" seed_type="Random" target="self" min_max="0,100" operation="LTE" value="30" />
  		</triggered_effect>
  		<display_value name="FoodPoisoningRisk" value=".5" />
  	</effect_group>
  </append>

  <!-- Spicy! -->
  <append xpath="/items/item[contains(@modTag,'spicy')]/effect_group">
    <triggered_effect trigger="onSelfPrimaryActionEnd" action="AddBuff" target="self" buff="Spicy Burn" />
  </append>

  <!-- madmole -->
  <append xpath="/items/item[contains(@modTag,'madmole')]/effect_group">
    <triggered_effect trigger="onSelfPrimaryActionEnd" action="AddBuff" target="self" buff="madmole" />
  </append>

  <!-- forumGuy -->
  <append xpath="/items/item[contains(@modTag,'forumGuy')]/effect_group">
    <triggered_effect trigger="onSelfPrimaryActionEnd" action="AddBuff" target="self" buff="Forum Guy" />
  </append>

  <!-- Non edible ingredient -->
  <append xpath="/items/item[contains(@modTag,'ingredient')]">
    <property name="DisplayType" value="food" />
    <property name="HoldType" value="31" />
    <property name="Meshfile" value="Items/Misc/parcelPrefab" />
    <property name="DropMeshfile" value="Items/Misc/sack_droppedPrefab" />
    <property name="Material" value="MresourceCrop" />
    <property name="Stacknumber" value="500" /> <!-- STK resource -->
    <property name="EconomicValue" value="4" />
    <property name="EconomicBundleSize" value="5" />
    <property name="CraftingIngredientTime" value="5" />
  </append>

  <append xpath="/items/item[contains(@modTag,'cookingTool')]">
    <property name="HoldType" value="31" />
    <property name="Meshfile" value="Items/Misc/parcelPrefab" />
    <property name="DropMeshfile" value="Items/Misc/sack_droppedPrefab" />
    <property name="Material" value="Mmetal" />
    <property name="Stacknumber" value="1" /> <!-- STK resource -->
    <property name="EconomicValue" value="4" />
    <property name="EconomicBundleSize" value="5" />
    <property name="CraftingIngredientTime" value="5" />
  </append>

  <append xpath="/items/item[contains(@modTag,'can')]/property[@class='Action0']">
    <property name="Create_item" value="drinkCanEmpty"/>
  </append>

  <append xpath="/items/item[contains(@modTag,'jar')]/property[@class='Action0']">
    <property name="Create_item" value="drinkJarEmpty"/>
  </append>

  <append xpath="/items/item[contains(@modTag,'dry')]/effect_group">
    <triggered_effect trigger="onSelfPrimaryActionEnd" action="ModifyCVar" cvar="$waterAmountAdd" operation="subtract" value="10" />
  </append>

  <!-- Items and Tools -->
  <set xpath="/items/item[@name='bucketEmpty']/property[@name='Stacknumber']/@value">
    50
  </set>

</configs>
