<configs>
  <append xpath="/quests">

    <quest id="brewing_brew_cooker_tools_1" modTag="farmlife">
  		<property name="name" value="Brew Cooker Tools" />
  		<property name="subtitle" value="Brew Cooker Tools" />
      <property name="description" value="Learn what tools are required by the Brew Cooker, a necessary component for beer brewing and distilling spirits." />
  		<property name="icon" value="ui_game_symbol_beer" />
  		<property name="repeatable" value="false" />
  		<property name="category_key" value="quest" />
  		<property name="offer" value="Learn what tools are required by the Brew Cooker, a necessary component for beer brewing and distilling spirits." />
  		<property name="difficulty" value="easy" />
      <property name="shareable" value="false" />

      <objective type="FetchKeep" id="Masher" value="1" phase="1" />
      <objective type="FetchKeep" id="Boiler" value="1" phase="1" />
      <objective type="FetchKeep" id="Still" value="1" phase="1" />

      <reward type="Exp" value="10" />
  	</quest>

    <quest id="brewing_brew_station_tools_1" modTag="farmlife">
      <property name="name" value="Brew Station Tools" />
      <property name="subtitle" value="Brew Station Tools" />
      <property name="description" value="Learn what tools are required by the Brew Station, a necessary component for beer brewing, wine making, and distilling spirits." />
      <property name="icon" value="ui_game_symbol_beer" />
      <property name="repeatable" value="false" />
      <property name="category_key" value="quest" />
      <property name="offer" value="Learn what tools are required by the Brew Station, a necessary component for beer brewing, wine making, and distilling spirits." />
      <property name="difficulty" value="easy" />
      <property name="category" value="quest" />
      <property name="statement_key" value="Build a Brew Station." />
      <property name="shareable" value="false" />

      <objective type="FetchKeep" id="Carboy" value="1" phase="1" />
      <objective type="FetchKeep" id="Wine Tank" value="1" phase="1" />
      <objective type="FetchKeep" id="Spirits Vat" value="1" phase="1" />

      <reward type="Exp" value="10" />
    </quest>

    <quest id="brewing_brew_station_tools_2" modTag="farmlife">
      <property name="name" value="Brew Station Tools 2" />
      <property name="subtitle" value="Brew Station Tools 2" />
      <property name="description" value="Learn what tools are required by the Brew Station, a necessary component for beer brewing, wine making, and distilling spirits." />
      <property name="icon" value="ui_game_symbol_beer" />
      <property name="repeatable" value="false" />
      <property name="category_key" value="quest" />
      <property name="offer" value="Learn what tools are required by the Brew Station, a necessary component for beer brewing, wine making, and distilling spirits." />
      <property name="difficulty" value="easy" />
      <property name="category" value="quest" />
      <property name="statement_key" value="Build a Brew Station." />
      <property name="shareable" value="false" />

      <objective type="FetchKeep" id="Wine Filter" value="1" phase="1" />
      <objective type="FetchKeep" id="Oak Barrel" value="1" phase="1" />
      <objective type="FetchKeep" id="Aged Oak Barrel" value="1" phase="1" />

      <objective type="FetchKeep" id="Floor Corker" value="1" phase="2" />
      <objective type="FetchKeep" id="Bottle Capper" value="1" phase="2" />
      <objective type="FetchKeep" id="Mixing Cask" value="1" phase="2" />

      <reward type="Exp" value="10" />
    </quest>

    <quest id="smoker_station_tools_1" modTag="farmlife">
      <property name="name" value="Smoker Tools" />
      <property name="subtitle" value="Smoker Tools" />
      <property name="description" value="Learn what tools are required by the Smoker, a necessary component for drying and curing meats." />
      <property name="icon" value="ui_game_symbol_spatula" />
      <property name="repeatable" value="false" />
      <property name="category_key" value="quest" />
      <property name="offer" value="Learn what tools are required by the Smoker, a necessary component for drying and curing meats." />
      <property name="difficulty" value="easy" />
      <property name="shareable" value="false" />

      <objective type="FetchKeep" id="Smoker Mat" value="1" phase="1" />
      <objective type="FetchKeep" id="Meat Hanger" value="1" phase="1" />
      <objective type="FetchKeep" id="Turkey Rack" value="1" phase="1" />

      <reward type="Exp" value="10" />
    </quest>

    <quest id="gas_oven_station_tools_1" modTag="farmlife">
      <property name="name" value="Gas Oven Tools" />
      <property name="subtitle" value="Gas Oven Tools" />
      <property name="description" value="Learn what tools are required by the Gas Oven, a necessary component for baking your food." />
      <property name="icon" value="ui_game_symbol_spatula" />
      <property name="repeatable" value="false" />
      <property name="category_key" value="quest" />
      <property name="offer" value="Learn what tools are required by the Gas Oven, a necessary component for baking your food." />
      <property name="difficulty" value="easy" />
      <property name="shareable" value="false" />

      <objective type="FetchKeep" id="Baking Sheet" value="1" phase="1" />
      <objective type="FetchKeep" id="Pizza Stone" value="1" phase="1" />
      <objective type="FetchKeep" id="PyreX Bakeware" value="1" phase="1" />

      <reward type="Exp" value="10" />
    </quest>

    <quest id="gas_cooktop_station_tools_1" modTag="farmlife">
      <property name="name" value="Gas Cooktop Tools" />
      <property name="subtitle" value="Gas Cooktop Tools" />
      <property name="description" value="Learn what tools are required by the Gas Cooktop, a necessary component for boiling and frying your food." />
      <property name="icon" value="ui_game_symbol_spatula" />
      <property name="repeatable" value="false" />
      <property name="category_key" value="quest" />
      <property name="offer" value="Learn what tools are required by the Gas Cooktop, a necessary component for boiling and frying your food." />
      <property name="difficulty" value="easy" />
      <property name="shareable" value="false" />

      <objective type="FetchKeep" id="toolCookingPot" value="1" phase="1" />
      <objective type="FetchKeep" id="Frying Pan" value="1" phase="1" />
      <objective type="FetchKeep" id="Wok" value="1" phase="1" />

      <reward type="Exp" value="10" />
    </quest>

    <quest id="kitchenaid_station_tools_1" modTag="farmlife">
      <property name="name" value="KitchNaid Tools" />
      <property name="subtitle" value="KitchNaid Tools" />
      <property name="description" value="Learn what tools are required by the KitchNaid, a necessary component for preparing food." />
      <property name="icon" value="ui_game_symbol_spatula" />
      <property name="repeatable" value="false" />
      <property name="category_key" value="quest" />
      <property name="offer" value="Learn what tools are required by the KitchNaid, a necessary component for preparing food." />
      <property name="difficulty" value="easy" />
      <property name="shareable" value="false" />

      <objective type="FetchKeep" id="Dough Hook" value="1" phase="1" />
      <objective type="FetchKeep" id="Veggie Attachment" value="1" phase="1" />
      <objective type="FetchKeep" id="Ice Cream Bowl" value="1" phase="1" />

      <reward type="Exp" value="10" />
    </quest>

    <quest id="kitchenaid_station_tools_2" modTag="farmlife">
      <property name="name" value="KitchNaid Tools 2" />
      <property name="subtitle" value="KitchNaid Tools 2" />
      <property name="description" value="Learn what tools are required by the KitchNaid, a necessary component for preparing food." />
      <property name="icon" value="ui_game_symbol_spatula" />
      <property name="repeatable" value="false" />
      <property name="category_key" value="quest" />
      <property name="offer" value="Learn what tools are required by the KitchNaid, a necessary component for preparing food." />
      <property name="difficulty" value="easy" />
      <property name="shareable" value="false" />

      <objective type="FetchKeep" id="Meat Grinder" value="1" phase="1" />
      <objective type="FetchKeep" id="Grain Miller" value="1" phase="1" />
      <objective type="FetchKeep" id="Pasta Helper" value="1" phase="1" />

      <reward type="Exp" value="10" />
    </quest>

    <quest id="woodgrill_station_tools_1" modTag="farmlife">
      <property name="name" value="Wood Grill Tools" />
      <property name="subtitle" value="Wood Grill Tools" />
      <property name="description" value="Learn what tools are required by the Wood Grill, a necessary component for grilling meats." />
      <property name="icon" value="ui_game_symbol_spatula" />
      <property name="repeatable" value="false" />
      <property name="category_key" value="quest" />
      <property name="offer" value="Learn what tools are required by the Wood Grill, a necessary component for grilling meats." />
      <property name="difficulty" value="easy" />
      <property name="shareable" value="false" />

      <objective type="FetchKeep" id="Tongs" value="1" phase="1" />
      <objective type="FetchKeep" id="Spatula" value="1" phase="1" />
      <objective type="FetchKeep" id="Ceramic Dutch Oven" value="1" phase="1" />

      <reward type="Exp" value="10" />
    </quest>

  </append>

</configs>
