<!-- TODO add gates
tags="learnable">

<recipe name="drinkJarBeer" count="1" craft_area="chemistryStation" tags="learnable">
	<ingredient name="resourceCropHopsFlower" count="4" />
	<ingredient name="drinkJarRiverWater" count="1" />
</recipe>

-->
<configs>
  <remove xpath="/recipes/recipe[@name='drinkJarBeer']" />

  <append xpath="/recipes">

    <!--   MEAT YUMMY -->
    <recipe name="Buttery Delmontico" count="1" modTag="toolTongs,saltPepper">
      <ingredient name="Delmontico" count="1" />
      <ingredient name="Butter" count="1" />
      <ingredient name="Apple Woodchips" count="1" />
    </recipe>
    <recipe name="Rump Roast Stew" count="1" modTag="toolDutchOven,saltPepper">
      <ingredient name="Rump Roast" count="1" />
      <ingredient name="foodCropPotato" count="2" />
      <ingredient name="Carrot" count="2" />
    </recipe>
    <recipe name="Red Wine and Peppercorn Porterhouse" count="1" modTag="toolTongs,NaCl">
      <ingredient name="Porterhouse" count="1" />
      <ingredient name="Merlot" count="2" />
      <ingredient name="Black Pepper Corn" count="4" />
      <ingredient name="Apple Woodchips" count="1" />
    </recipe>
    <recipe name="Elk Jerky" count="1" modTag="toolMat,saltPepper">
      <ingredient name="Elk Scraps" count="10" />
    </recipe>
    <recipe name="Smoked Bacon" count="10" modTag="toolMat">
      <ingredient name="Pork Belly" count="1" />
      <ingredient name="Apple Woodchips" count="4" />
      <ingredient name="Walnut Woodchips" count="1" />
    </recipe>
    <recipe name="Smoked Ham" count="1" modTag="toolHanger">
      <ingredient name="Ham" count="1" />
      <ingredient name="Apple Woodchips" count="2" />
      <ingredient name="Walnut Woodchips" count="3" />
    </recipe>
    <recipe name="Cured Ham" count="1" modTag="toolDutchOven,saltPepper">
      <ingredient name="Ham" count="1" />
      <ingredient name="Salt" count="10" />
    </recipe>
    <recipe name="Ham Steak" count="10" modTag="">
      <ingredient name="Cured Ham" count="1" />
    </recipe>
    <recipe name="Ham Steak" count="10" modTag="">
      <ingredient name="Smoked Ham" count="1" />
    </recipe>
    <recipe name="BBQ Pork Ribs" count="10" modTag="toolTongs">
      <ingredient name="Pork Ribs" count="1" />
      <ingredient name="Spicy BBQ Sauce" count="10" />
      <ingredient name="Apple Woodchips" count="2" />
      <ingredient name="Walnut Woodchips" count="2" />
      <ingredient name="Mesquite Woodchips" count="1" />
    </recipe>
    <recipe name="Smoked Chicken" count="1" modTag="toolRack">
      <ingredient name="Whole Chicken" count="1" />
      <ingredient name="Apple Woodchips" count="5" />
    </recipe>
    <recipe name="Spicy Chicken Wings" count="10" modTag="toolTongs">
      <ingredient name="Chicken Wing" count="10" />
      <ingredient name="Spicy BBQ Sauce" count="10" />
      <ingredient name="Ground Hot Pepper" count="2" />
      <ingredient name="Maple Woodchips" count="5" />
    </recipe>
    <recipe name="Parmesan Crusted Chicken" count="2" modTag="toolDutchOven,saltPepper">
      <ingredient name="Chicken Breast" count="2" />
      <ingredient name="Parmesan" count="2" />
      <ingredient name="foodEgg" count="1" />
      <ingredient name="Olive Oil" count="2" />
    </recipe>
    <recipe name="Ground Beef" count="10" modTag="toolMeatGrinder">
      <ingredient name="Delmontico" count="1" />
    </recipe>
    <recipe name="Ground Beef" count="10" modTag="toolMeatGrinder">
      <ingredient name="Rump Roast" count="1" />
    </recipe>
    <recipe name="Ground Beef" count="10" modTag="toolMeatGrinder">
      <ingredient name="Porterhouse" count="1" />
    </recipe>
    <recipe name="Hamburger Patty" count="1" modTag="saltPepper">
      <ingredient name="Ground Beef" count="1" />
    </recipe>
    <recipe name="Hamburger Fixings" count="10" modTag="">
      <ingredient name="Hamburger Bun" count="10" />
      <ingredient name="Romaine" count="1" />
      <ingredient name="Onion" count="1" />
    </recipe>
    <recipe name="Hamburger" count="1" modTag="toolSpatula">
      <ingredient name="Hamburger Patty" count="1" />
      <ingredient name="Hamburger Fixings" count="1" />
    </recipe>
    <recipe name="Cheeseburger" count="1" modTag="toolSpatula">
      <ingredient name="Hamburger Patty" count="1" />
      <ingredient name="Hamburger Fixings" count="1" />
      <ingredient name="Cheddar" count="1" />
    </recipe>
    <!--   MEAT YUMMY -->

    <!--
    From https://cooking.nytimes.com/recipes/1015181-marcella-hazans-bolognese-sauce
    One of my fav recipes :D
    -->
    <recipe name="Bolognese Step 1" count="1" modTag="toolCookingPot">
      <ingredient name="Olive Oil" count="1" />
      <ingredient name="Butter" count="1" />
      <ingredient name="Onion" count="1" />
      <ingredient name="Celery" count="1" />
      <ingredient name="Carrot" count="1" />
    </recipe>
    <recipe name="Bolognese Step 2" count="1" modTag="toolCookingPot,saltPepper">
      <ingredient name="Bolognese Step 1" count="1" />
      <ingredient name="Veal" count="5" />
    </recipe>
    <recipe name="Bolognese Step 3" count="1" modTag="toolCookingPot">
      <ingredient name="Bolognese Step 2" count="1" />
      <ingredient name="Milk" count="1" />
    </recipe>
    <recipe name="Bolognese Sauce" count="1" modTag="toolCookingPot">
      <ingredient name="Bolognese Step 3" count="1" />
      <ingredient name="White Zin" count="1" />
      <ingredient name="Crushed Tomato" count="1" />
    </recipe>
    <recipe name="Bolognese Dish" count="1" modTag="toolCookingPot">
      <ingredient name="Bolognese Sauce" count="1" />
      <ingredient name="Parmesan" count="1" />
      <ingredient name="Butter" count="1" />
      <ingredient name="Penne" count="1" />
    </recipe>

    <!--   Fruit -->

    <recipe name="Apple Cider" count="15" modTag="chemistryStation">
      <ingredient name="Apple Juice" count="15" />
      <ingredient name="resourceCropHopsFlower" count="5" />
    </recipe>

    <recipe name="Apple Juice" count="1" modTag="">
      <ingredient name="Apple" count="5" />
      <ingredient name="drinkJarEmpty" count="1" />
    </recipe>

    <recipe name="Apple Pie" count="1" modTag="toolPyrex">
      <ingredient name="Apple" count="4" />
      <ingredient name="Wheat Flour" count="2" />
      <ingredient name="foodEgg" count="1" />
      <ingredient name="resourceAnimalFat" count="1" />
      <ingredient name="drinkJarBoiledWater" count="1" />
    </recipe>

    <recipe name="Cherry Pie" count="1" modTag="toolPyrex">
      <ingredient name="Cherry" count="4" />
      <ingredient name="Wheat Flour" count="2" />
      <ingredient name="foodEgg" count="1" />
      <ingredient name="resourceAnimalFat" count="1" />
      <ingredient name="drinkJarBoiledWater" count="1" />
    </recipe>

    <recipe name="Orange Juice" count="1" modTag="toolVeggie">
      <ingredient name="Orange" count="5" />
      <ingredient name="drinkJarEmpty" count="1" />
    </recipe>

    <recipe name="Lemon Lime Coolaid" count="1" modTag="toolVeggie">
      <ingredient name="Lime" count="2" />
      <ingredient name="Meyer Lemon" count="2" />
      <ingredient name="drinkJarEmpty" count="1" />
    </recipe>

    <recipe name="Mojito" count="1" modTag="">
      <ingredient name="Lime" count="4" />
      <ingredient name="drinkJarGrainAlcohol" count="1" />
    </recipe>

    <recipe name="Canned Olives" count="1" modTag="toolCookingPot">
      <ingredient name="Olive" count="10" />
      <ingredient name="drinkCanEmpty" count="1" />
      <ingredient name="drinkJarBoiledWater" count="1" />
    </recipe>

    <!-- Wine -->
    <recipe name="Raw Merlot" count="1" modTag="toolWineTank">
      <ingredient name="drinkJarBoiledWater" count="15" />
      <ingredient name="Grape Pulp" count="15" />
      <ingredient name="Grape Extract" count="5" />
    </recipe>

    <recipe name="Raw White Zin" count="1" modTag="toolWineTank">
      <ingredient name="drinkJarBoiledWater" count="15" />
      <ingredient name="Grape Extract" count="20" />
    </recipe>

    <recipe name="Raw Pink Rose" count="1" modTag="toolWineTank">
      <ingredient name="drinkJarBoiledWater" count="15" />
      <ingredient name="Grape Pulp" count="5" />
      <ingredient name="Grape Extract" count="15" />
    </recipe>

    <recipe name="Filtered Merlot" count="1" modTag="toolWineFilter">
      <ingredient name="Raw Merlot" count="1" />
    </recipe>

    <recipe name="Filtered White Zin" count="1" modTag="toolWineFilter">
      <ingredient name="Raw White Zin" count="1" />
    </recipe>

    <recipe name="Filtered Pink Rose" count="1" modTag="toolWineFilter">
      <ingredient name="Raw Pink Rose" count="1" />
    </recipe>

    <recipe name="Aged Port Wine" count="1" modTag="toolOakBarrel">
      <ingredient name="Filtered Merlot" count="1" />
    </recipe>

    <recipe name="Merlot" count="15" modTag="toolCorker">
      <ingredient name="Filtered Merlot" count="1" />
    </recipe>

    <recipe name="White Zin" count="15" modTag="toolCorker">
      <ingredient name="Filtered White Zin" count="1" />
    </recipe>

    <recipe name="Pink Rose" count="15" modTag="toolCorker">
      <ingredient name="Filtered Pink Rose" count="1" />
    </recipe>

    <recipe name="Port Wine" count="15" modTag="toolCorker">
      <ingredient name="Aged Port Wine" count="1" />
      <ingredient name="drinkJarGrainAlcohol" count="5" />
    </recipe>
    <!-- Wine -->

    <!--   Beer -->
    <recipe name="Beer Cheap Mash" count="1" modTag="toolMasher">
      <ingredient name="Light Malt" count="40" />
      <ingredient name="drinkJarBoiledWater" count="15" />
    </recipe>

    <recipe name="Beer IPA Mash" count="1" modTag="toolMasher">
      <ingredient name="Golden Malt" count="15" />
      <ingredient name="drinkJarBoiledWater" count="15" />
    </recipe>

    <recipe name="Beer Lager Mash" count="1" modTag="toolMasher">
      <ingredient name="Light Malt" count="30" />
      <ingredient name="drinkJarBoiledWater" count="15" />
    </recipe>

    <recipe name="Beer Stout Mash" count="1" modTag="toolMasher">
      <ingredient name="Dark Malt" count="30" />
      <ingredient name="drinkJarBoiledWater" count="15" />
    </recipe>

    <recipe name="Beer Cheap Wort" count="1" modTag="toolBoiler">
      <ingredient name="Beer Cheap Mash" count="1" />
    </recipe>

    <recipe name="Beer IPA Wort" count="1" modTag="toolBoiler">
      <ingredient name="Beer IPA Mash" count="1" />
      <ingredient name="Bitter Hops" count="15" />
      <ingredient name="resourceCropHopsFlower" count="5" />
      <ingredient name="Floral Hops" count="15" />
    </recipe>

    <recipe name="Beer Lager Wort" count="1" modTag="toolBoiler">
      <ingredient name="Beer Lager Mash" count="1" />
      <ingredient name="resourceCropHopsFlower" count="15" />
      <ingredient name="Floral Hops" count="5" />
    </recipe>

    <recipe name="Beer Stout Wort" count="1" modTag="toolBoiler">
      <ingredient name="Beer Stout Mash" count="1" />
      <ingredient name="resourceCropHopsFlower" count="10" />
      <ingredient name="Floral Hops" count="10" />
    </recipe>

    <recipe name="Beer Cheap Raw" count="1" modTag="toolCarboy">
      <ingredient name="Beer Cheap Wort" count="1" />
    </recipe>

    <recipe name="Beer IPA Raw" count="1" modTag="toolCarboy">
      <ingredient name="Beer IPA Wort" count="1" />
    </recipe>

    <recipe name="Beer Lager Raw" count="1" modTag="toolCarboy">
      <ingredient name="Beer Lager Wort" count="1" />
    </recipe>

    <recipe name="Beer Stout Raw" count="1" modTag="toolCarboy">
      <ingredient name="Beer Stout Wort" count="1" />
    </recipe>

    <recipe name="Beer Cheap" count="15" modTag="toolCapper">
      <ingredient name="Beer Cheap Raw" count="1" />
    </recipe>

    <recipe name="Beer IPA" count="15" modTag="toolCapper">
      <ingredient name="Beer IPA Raw" count="1" />
    </recipe>

    <recipe name="Beer Lager" count="15" modTag="toolCapper">
      <ingredient name="Beer Lager Raw" count="1" />
    </recipe>

    <recipe name="Beer Stout" count="15" modTag="toolCapper">
      <ingredient name="Beer Stout Raw" count="1" />
    </recipe>
    <!--  Beer -->

    <!--   Ingredients -->
    <recipe name="Light Malt" count="1" modTag="toolCookingPot">
      <ingredient name="Sorghum" count="2" />
    </recipe>
    <recipe name="Golden Malt" count="1" modTag="toolCookingPot">
      <ingredient name="Sorghum" count="2" />
    </recipe>
    <recipe name="Dark Malt" count="1" modTag="toolCookingPot">
      <ingredient name="Sorghum" count="2" />
    </recipe>
    <recipe name="Salt" count="2" modTag="toolGrainMiller">
      <ingredient name="Halite" count="1" />
    </recipe>
    <recipe name="Black Pepper" count="1" modTag="toolGrainMiller">
      <ingredient name="Black Pepper Corn" count="1" />
    </recipe>
    <recipe name="Salt and Pepper" count="1">
      <ingredient name="Black Pepper" count="1" />
      <ingredient name="Salt" count="1" />
    </recipe>
    <recipe name="Grape Pulp" count="1" modTag="toolVeggie">
      <ingredient name="Grape" count="2" />
    </recipe>
    <recipe name="Grape Extract" count="1" modTag="toolVeggie">
      <ingredient name="Grape" count="2" />
    </recipe>
    <recipe name="Olive Paste" count="1" modTag="toolVeggie">
      <ingredient name="Olive" count="5" />
    </recipe>
    <recipe name="Olive Oil" count="10" modTag="toolVeggie">
      <ingredient name="Olive Paste" count="10" />
    </recipe>
    <recipe name="Briney Water" count="1" modTag="chemistryStation">
      <!-- Need to determine a better ratio of salt to water should be 1 part salt 4 parts water -->
      <ingredient name="Salt" count="5" />
      <ingredient name="drinkJarBoiledWater" count="15" />
    </recipe>
    <recipe name="Ground Hot Pepper" count="10" modTag="toolGrainMiller">
      <ingredient name="Ghost Pepper" count="2" />
    </recipe>
    <recipe name="Cooking Vinegar" count="10" modTag="chemistryStation">
      <ingredient name="Apple Cider" count="1" />
    </recipe>
    <recipe name="Maple Syrup" count="10" modTag="chemistryStation">
      <ingredient name="Maple Sap" count="40" />
    </recipe>
    <recipe name="Ground Cinnamon" count="1" modTag="toolGrainMiller">
      <ingredient name="Cinnamon Bark" count="1" />
    </recipe>

    <!--  Veggies -->
    <recipe name="Hashbrowns" count="1" modTag="toolFrying,NaCl">
    	<ingredient name="foodCropPotato" count="2" />
      <ingredient name="Butter" count="1" />
    </recipe>

    <recipe name="Liquid Veg" count="1" modTag="toolVeggie">
    	<ingredient name="Carrot" count="2" />
      <ingredient name="Romaine" count="2" />
      <ingredient name="resourceCropChrysanthemumPlant" count="2" />
      <ingredient name="resourceCropAloeLeaf" count="2" />
      <ingredient name="drinkJarEmpty" count="1" />
    </recipe>

    <recipe name="Mixed Greens" count="1" modTag="toolVeggie,blackPepper">
    	<ingredient name="Carrot" count="1" />
      <ingredient name="Romaine" count="1" />
      <ingredient name="resourceCropChrysanthemumPlant" count="1" />
    </recipe>

    <recipe name="Veggie Mash" count="1" modTag="toolFrying,saltPepper">
    	<ingredient name="Carrot" count="1" />
      <ingredient name="Squash" count="1" />
    </recipe>

    <recipe name="Steamed Broccoli" count="1" modTag="toolCookingPot">
    	<ingredient name="Broccoli" count="1" />
      <ingredient name="drinkJarBoiledWater" count="1" />
    </recipe>

    <recipe name="Grilled Squash" count="1" modTag="toolTongs,NaCl,blackPepper">
    	<ingredient name="Squash" count="1" />
      <ingredient name="resourceCropGoldenrodPlant" count="1" />
    </recipe>

    <recipe name="Romaine Salad" count="1" modTag="toolVeggie">
    	<ingredient name="Romaine" count="2" />
    </recipe>

    <recipe name="Roasted Carrot" count="1" modTag="toolTongs">
    	<ingredient name="Carrot" count="1" />
      <ingredient name="resourceCropGoldenrodPlant" count="1" />
    </recipe>

    <recipe name="Sauteed Onions" count="1" modTag="toolFrying">
      <ingredient name="Onion" count="1" />
      <ingredient name="Butter" count="1" />
    </recipe>

    <recipe name="Crunchy Celery" count="1" modTag="">
      <ingredient name="Celery" count="1" />
      <ingredient name="drinkJarBoiledWater" count="1" />
    </recipe>

    <!--  Veggies -->

    <!--  Tomato -->
    <recipe name="Crushed Tomato" count="1" modTag="toolVeggie">
    	<ingredient name="Tomato" count="4" />
      <ingredient name="drinkCanEmpty" count="1" />
    </recipe>

    <recipe name="Ketchup Step 1" count="1" modTag="toolCookingPot,NaCl">
      <ingredient name="Sauteed Onions" count="2" />
      <ingredient name="Olive Oil" count="1" />
      <ingredient name="Ground Hot Pepper" count="1" />
    </recipe>

    <recipe name="Ketchup" count="10" modTag="toolCookingPot">
      <ingredient name="Ketchup Step 1" count="1" />
      <ingredient name="Crushed Tomato" count="2" />
      <ingredient name="Cooking Vinegar" count="1" />
    </recipe>

    <recipe name="Spicy BBQ Sauce" count="10" modTag="toolCookingPot">
      <ingredient name="Ketchup" count="10" />
      <ingredient name="Ground Hot Pepper" count="4" />
      <ingredient name="Cooking Vinegar" count="1" />
      <ingredient name="Meyer Lemon" count="1" />
    </recipe>

    <recipe name="Marinara" count="1" modTag="toolCookingPot,NaCl,blackPepper">
    	<ingredient name="Crushed Tomato" count="2" />
      <ingredient name="drinkJarBoiledWater" count="1" />
    </recipe>
    <!--  Tomato -->

    <!--  Wheat -->
    <recipe name="Bread Dough" count="1" modTag="toolDoughHook,NaCl">
      <ingredient name="Wheat Flour" count="4" />
      <ingredient name="foodEgg" count="2" />
      <ingredient name="drinkJarBoiledWater" count="1" />
    </recipe>
    <recipe name="Wheat Bread" count="1" modTag="toolBakingSheet">
    	<ingredient name="Bread Dough" count="1" />
    </recipe>

    <recipe name="Hamburger Bun" count="10" modTag="toolBakingSheet">
      <ingredient name="Bread Dough" count="1" />
    </recipe>

    <recipe name="Wheat Flour" count="1" modTag="toolGrainMiller">
    	<ingredient name="Wheat" count="1" />
    </recipe>
    <!--  Wheat -->

    <!--  Milk -->
    <recipe name="Milk" count="10" modTag="toolCookingPot">
      <ingredient name="Raw Milk" count="1" />
    </recipe>
    <recipe name="Plain Ice Cream" count="10" modTag="toolIcecream,NaCl">
      <ingredient name="Milk" count="10" />
      <ingredient name="Salt" count="1" />
    </recipe>
    <recipe name="Blueberry Ice Cream" count="10" modTag="toolIcecream,NaCl">
      <ingredient name="Milk" count="10" />
      <ingredient name="foodCropBlueberries" count="10" />
      <ingredient name="Salt" count="1" />
    </recipe>
    <recipe name="Butter" count="10" modTag="toolDoughHook,NaCl">
      <ingredient name="Raw Milk" count="1" />
    </recipe>
    <!-- Cheese needs more work. Should create curds with whey first, then mix with brine -->
    <recipe name="Parmesan" count="10" modTag="toolCookingPot">
      <ingredient name="Raw Milk" count="1" />
      <ingredient name="Milk" count="5" />
      <ingredient name="Briney Water" count="1" />
    </recipe>
    <recipe name="Cheddar" count="10" modTag="toolCookingPot">
      <ingredient name="Raw Milk" count="1" />
      <ingredient name="Milk" count="5" />
      <ingredient name="Briney Water" count="1" />
    </recipe>
    <!--  Milk -->

    <!--  Penne -->
    <recipe name="Penne" count="1" modTag="toolPastaHelper,NaCl">
      <ingredient name="Wheat Flour" count="4" />
      <ingredient name="Milk" count="1" />
      <ingredient name="foodEgg" count="2" />
    </recipe>
    <recipe name="Bechamel" count="1" modTag="toolCookingPot,NaCl">
      <ingredient name="Wheat Flour" count="1" />
      <ingredient name="Milk" count="2" />
    </recipe>
    <recipe name="Pasta Meal" count="1" modTag="toolCookingPot,blackPepper">
      <ingredient name="Bechamel" count="2" />
      <ingredient name="Penne" count="2" />
    </recipe>
    <recipe name="Pasta Meal" count="1" modTag="toolCookingPot,blackPepper">
      <ingredient name="Marinara" count="2" />
      <ingredient name="Penne" count="2" />
    </recipe>
    <!-- Penne -->

    <!-- Breakfast -->
    <recipe name="Joel's Breakfast" count="1" modTag="toolDutchOven,saltPepper">
      <ingredient name="Ham Steak" count="1" />
      <ingredient name="Smoked Bacon" count="2" />
      <ingredient name="foodEgg" count="3" />
      <ingredient name="Hashbrowns" count="1" />
    </recipe>

    <recipe name="Roland's Breakfast" count="1" modTag="toolFrying">
      <ingredient name="Wheat Bread" count="1" />
      <ingredient name="foodEgg" count="4" />
      <ingredient name="Milk" count="2" />
      <ingredient name="Ground Cinnamon" count="2" />
    </recipe>
    <!-- Breakfast -->

    <!-- Asian -->
    <recipe name="Stir Fry Vegetables" count="1" modTag="toolWok,saltPepper">
      <ingredient name="Carrot" count="1" />
      <ingredient name="Broccoli" count="1" />
      <ingredient name="Squash" count="1" />
      <ingredient name="Olive Oil" count="1" />
    </recipe>
    <!-- Asian -->

    <!-- Pizza -->
    <recipe name="Cheese Pizza" count="1" modTag="toolPizza, salt">
      <ingredient name="Bread Dough" count="1" />
      <ingredient name="Cheddar" count="3" />
      <ingredient name="Parmesan" count="3" />
      <ingredient name="Olive Oil" count="1" />
    </recipe>
    <!-- Pizza -->

    <!-- Seeds -->
    <recipe name="Tomato Seed" modTag="seed">
      <ingredient name="Tomato" />
    </recipe>
    <recipe name="Wheat Seed" modTag="seed">
      <ingredient name="Wheat" />
    </recipe>
    <recipe name="Carrot Seed" modTag="seed">
    	<ingredient name="Carrot" />
    </recipe>
    <recipe name="Romaine Seed" modTag="seed">
    	<ingredient name="Romaine" />
    </recipe>
    <recipe name="Squash Seed" modTag="seed">
    	<ingredient name="Squash" />
    </recipe>
    <recipe name="Broccoli Seed" modTag="seed">
    	<ingredient name="Broccoli" />
    </recipe>
    <recipe name="Sorghum Seed" modTag="seed">
    	<ingredient name="Sorghum" />
    </recipe>
    <recipe name="Bitter Hop Seed" modTag="seed">
    	<ingredient name="Bitter Hops" />
    </recipe>
    <recipe name="Floral Hop Seed" modTag="seed">
    	<ingredient name="Floral Hops" />
    </recipe>
    <recipe name="Grape Seed" modTag="seed">
    	<ingredient name="Grape" />
    </recipe>
    <recipe name="Apple Seed" modTag="seed">
    	<ingredient name="Apple" />
    </recipe>
    <recipe name="Orange Seed" modTag="seed">
    	<ingredient name="Orange" />
    </recipe>
    <recipe name="Meyer Lemon Seed" modTag="seed">
      <ingredient name="Meyer Lemon" />
    </recipe>
    <recipe name="Lime Seed" modTag="seed">
    	<ingredient name="Lime" />
    </recipe>
    <recipe name="Cherry Seed" modTag="seed">
    	<ingredient name="Cherry" />
    </recipe>
    <recipe name="Black Pepper Seed" modTag="seed">
    	<ingredient name="Black Pepper Corn" />
    </recipe>
    <recipe name="plantedSnowberry1" modTag="seed">
    	<ingredient name="resourceCropSnowberryPlant" />
    </recipe>
    <recipe name="Onion Seed" modTag="seed">
    	<ingredient name="Onion" />
    </recipe>
    <recipe name="Celery Seed" modTag="seed">
    	<ingredient name="Celery" />
    </recipe>
    <recipe name="Olive Seed" modTag="seed">
    	<ingredient name="Olive" />
    </recipe>
    <recipe name="Walnut Seed" modTag="seed">
    	<ingredient name="Walnut" />
    </recipe>
    <recipe name="Ghost Pepper Seed" modTag="seed">
    	<ingredient name="Ghost Pepper" />
    </recipe>


    <!-- Animal Feed -->
    <recipe name="Cattle Feed" count="1">
    	<ingredient name="Sorghum" count="2" />
    	<ingredient name="Wheat" count="2" />
      <ingredient name="hayBaleBlock" count="2" />
      <ingredient name="bucketRiverWater" count="2" />
    </recipe>
    <recipe name="Chicken Feed" count="1">
    	<ingredient name="foodCropCorn" count="4" />
    	<ingredient name="Wheat" count="1" />
      <ingredient name="Sorghum" count="1" />
      <ingredient name="bucketRiverWater" count="2" />
    </recipe>

    <!-- Toolsss and Items -->
    <recipe name="Feeding Trough" count="1">
    	<ingredient name="resourceForgedIron" count="14" />
    </recipe>
    <recipe name="Pitch Fork" count="1">
    	<ingredient name="resourceForgedIron" count="16" />
    	<ingredient name="resourceWood" count="10" />
    </recipe>
    <recipe name="Salt" count="10">
    	<ingredient name="Salt Shaker" count="1" />
    </recipe>
    <recipe name="Black Pepper" count="10">
      <ingredient name="Black Pepper Tin" count="1" />
    </recipe>

    <recipe name="Wood Grill" count="1">
    	<ingredient name="resourceForgedIron" count="10" />
    	<ingredient name="toolCookingGrill" count="1" />
    </recipe>
    <recipe name="KitchNaid" count="1">
      <ingredient name="resourceForgedIron" count="20" />
    	<ingredient name="resourceMechanicalParts" count="10" />
      <ingredient name="resourceScrapPolymers" count="10" />
    </recipe>
    <recipe name="Gas Cooktop" count="1">
      <ingredient name="resourceForgedIron" count="20" />
    	<ingredient name="resourceMechanicalParts" count="10" />
      <ingredient name="resourceScrapPolymers" count="10" />
    </recipe>
    <recipe name="Gas Oven" count="1">
      <ingredient name="resourceForgedIron" count="20" />
    	<ingredient name="resourceMechanicalParts" count="10" />
      <ingredient name="resourceScrapPolymers" count="10" />
    </recipe>
    <recipe name="Smoker" count="1">
      <ingredient name="resourceForgedIron" count="20" />
      <ingredient name="resourceMechanicalParts" count="10" />
      <ingredient name="resourceScrapPolymers" count="10" />
    </recipe>
    <recipe name="Brew Cooker" count="1">
      <ingredient name="resourceForgedIron" count="20" />
      <ingredient name="resourceMechanicalParts" count="10" />
      <ingredient name="resourceScrapPolymers" count="10" />
    </recipe>
    <recipe name="Brew Station" count="1">
      <ingredient name="resourceForgedIron" count="20" />
      <ingredient name="resourceMechanicalParts" count="10" />
      <ingredient name="resourceScrapPolymers" count="10" />
    </recipe>

    <recipe name="Tongs" count="1" modTag="toolAnvil">
    	<ingredient name="unit_iron" count="25" />
    	<ingredient name="unit_clay" count="5" />
    </recipe>
    <recipe name="Spatula" count="1" modTag="toolForgeCrucible">
    	<ingredient name="unit_iron" count="25" />
    	<ingredient name="unit_clay" count="5" />
    </recipe>
    <recipe name="Ceramic Dutch Oven" count="1" modTag="toolAndDieSet">
    	<ingredient name="unit_glass" count="1000" />
    	<ingredient name="unit_clay" count="100" />
    </recipe>

    <recipe name="Dough Hook" count="1" modTag="toolAnvil">
    	<ingredient name="unit_iron" count="25" />
    	<ingredient name="unit_clay" count="5" />
    </recipe>
    <recipe name="Veggie Attachment" count="1">
    	<ingredient name="resourceForgedIron" count="4" />
    	<ingredient name="resourceMechanicalParts" count="4" />
      <ingredient name="resourceScrapPolymers" count="4" />
    </recipe>
    <recipe name="Ice Cream Bowl" count="1" modTag="toolForgeCrucible">
    	<ingredient name="unit_iron" count="100" />
    	<ingredient name="unit_clay" count="10" />
    </recipe>
    <recipe name="Meat Grinder" count="1">
    	<ingredient name="resourceForgedIron" count="4" />
    	<ingredient name="resourceMechanicalParts" count="4" />
      <ingredient name="resourceScrapPolymers" count="4" />
    </recipe>
    <recipe name="Grain Miller" count="1">
    	<ingredient name="resourceForgedIron" count="4" />
    	<ingredient name="resourceMechanicalParts" count="4" />
      <ingredient name="resourceScrapPolymers" count="4" />
    </recipe>
    <recipe name="Pasta Helper" count="1">
    	<ingredient name="resourceForgedIron" count="4" />
    	<ingredient name="resourceMechanicalParts" count="4" />
      <ingredient name="resourceScrapPolymers" count="4" />
    </recipe>

    <recipe name="Frying Pan" count="1" modTag="toolForgeCrucible">
    	<ingredient name="unit_iron" count="100" />
    	<ingredient name="unit_clay" count="10" />
    </recipe>
    <recipe name="Wok" count="1" modTag="toolAndDieSet">
    	<ingredient name="unit_iron" count="1000" />
    	<ingredient name="unit_clay" count="100" />
    </recipe>

    <recipe name="Baking Sheet" count="1" modTag="toolAnvil">
      <ingredient name="unit_iron" count="100" />
      <ingredient name="unit_clay" count="10" />
    </recipe>
    <recipe name="Pizza Stone" count="1" modTag="toolForgeCrucible">
      <ingredient name="unit_clay" count="500" />
      <ingredient name="unit_glass" count="50" />
    </recipe>
    <recipe name="PyreX Bakeware" count="1" modTag="toolAndDieSet">
      <ingredient name="unit_glass" count="1000" />
      <ingredient name="unit_clay" count="100" />
    </recipe>

    <recipe name="Smoker Mat" count="1" modTag="toolAnvil">
      <ingredient name="unit_iron" count="100" />
      <ingredient name="unit_clay" count="10" />
    </recipe>
    <recipe name="Meat Hanger" count="1" modTag="toolForgeCrucible">
      <ingredient name="unit_iron" count="500" />
      <ingredient name="unit_clay" count="50" />
    </recipe>
    <recipe name="Turkey Rack" count="1" modTag="toolAndDieSet">
      <ingredient name="unit_iron" count="1000" />
      <ingredient name="unit_clay" count="100" />
    </recipe>

    <recipe name="Masher" count="1">
      <ingredient name="resourceForgedIron" count="20" />
    	<ingredient name="resourceMechanicalParts" count="10" />
    </recipe>
    <recipe name="Boiler" count="1">
      <ingredient name="resourceForgedIron" count="20" />
    </recipe>
    <recipe name="Still" count="1" modTag="toolAndDieSet">
    	<ingredient name="unit_brass" count="500"/>
    	<ingredient name="unit_clay" count="100"/>
    </recipe>

    <recipe name="Carboy" count="1" modTag="toolAndDieSet">
      <ingredient name="unit_glass" count="500"/>
      <ingredient name="unit_clay" count="100"/>
    </recipe>
    <recipe name="Wine Tank" count="1">
      <ingredient name="resourceForgedIron" count="20" />
    </recipe>
    <recipe name="Spirits Vat" count="1">
      <ingredient name="resourceForgedIron" count="20" />
    	<ingredient name="resourceMechanicalParts" count="10" />
    </recipe>

    <recipe name="Wine Filter" count="1">
      <ingredient name="resourceScrapPolymers" count="100" />
    	<ingredient name="resourceMechanicalParts" count="10" />
    </recipe>
    <recipe name="Oak Barrel" count="1">
      <ingredient name="resourceWood" count="100" />
      <ingredient name="resourceForgedIron" count="10" />
    </recipe>
    <recipe name="Aged Oak Barrel" count="1">
      <ingredient name="resourceWood" count="100" />
      <ingredient name="resourceForgedIron" count="10" />
      <ingredient name="drinkJarGrainAlcohol" count="10" />
    </recipe>

    <recipe name="Floor Corker" count="1">
      <ingredient name="resourceForgedIron" count="20" />
    	<ingredient name="resourceMechanicalParts" count="10" />
    </recipe>
    <recipe name="Bottle Capper" count="1">
    	<ingredient name="resourceForgedIron" count="20" />
    	<ingredient name="resourceMechanicalParts" count="10" />
    </recipe>
    <recipe name="Mixing Cask" count="1">
    	<ingredient name="resourceForgedIron" count="4" />
    	<ingredient name="resourceWood" count="20" />
    </recipe>


    <!-- Pens -->
    <recipe name="Empty Holstein Pen" modTag="emptyPen">
    </recipe>
    <recipe name="Empty Angus Pen" modTag="emptyPen">
    </recipe>
    <recipe name="Empty Veal Pen" modTag="emptyPen">
    </recipe>
    <recipe name="Empty Elk Pen" modTag="emptyPen">
    </recipe>
    <recipe name="Empty Pig Pen" modTag="emptyPen">
    </recipe>
    <recipe name="Empty Chicken Coop" modTag="emptyPen">
    </recipe>

    <!-- Recipe Quests -->
    <recipe name="Raising Livestock (Pens)" modTag="recipeQuest">
    </recipe>
    <recipe name="Growing Trees (Seeds)" modTag="recipeQuest">
    </recipe>
    <recipe name="Farming Crops (Seeds)" modTag="recipeQuest">
    </recipe>
    <recipe name="Brew Cooker Volume 1" modTag="recipeQuest">
    </recipe>
    <recipe name="Brew Station Volume 1" modTag="recipeQuest">
    </recipe>
    <recipe name="Brew Station Volume 2" modTag="recipeQuest">
    </recipe>
    <recipe name="Smoker Volume 1" modTag="recipeQuest">
    </recipe>
    <recipe name="Gas Oven Volume 1" modTag="recipeQuest">
    </recipe>
    <recipe name="Gas Cooktop Volume 1" modTag="recipeQuest">
    </recipe>
    <recipe name="KitchNaid Volume 1" modTag="recipeQuest">
    </recipe>
    <recipe name="KitchNaid Volume 2" modTag="recipeQuest">
    </recipe>
    <recipe name="Wood Grill Volume 1" modTag="recipeQuest">
    </recipe>
    <!-- Recipe Quests -->

  </append>

  <!-- Update Seeds -->
  <setattribute xpath="/recipes/recipe[contains(@modTag,'seed')]" name="count">
    1
  </setattribute>
  <setattribute xpath="/recipes/recipe[contains(@modTag,'seed')]" name="craft_time">
    1
  </setattribute>
  <setattribute xpath="/recipes/recipe[contains(@modTag,'seed')]/ingredient" name="count">
    4
  </setattribute>

  <!--  Update Items -->
  <append xpath="/recipes/recipe[contains(@modTag,'NaCl')]">
    <ingredient name="Salt" count="1" />
  </append>
  <append xpath="/recipes/recipe[contains(@modTag,'blackPepper')]">
    <ingredient name="Black Pepper" count="1" />
  </append>
  <append xpath="/recipes/recipe[contains(@modTag,'saltPepper')]">
    <ingredient name="Salt and Pepper" count="1" />
  </append>

  <!-- Vanilla craft_area -->
  <setattribute xpath="/recipes/recipe[contains(@modTag,'chemistryStation')]" name="craft_area">
    chemistryStation
  </setattribute>
  <setattribute xpath="/recipes/recipe[contains(@modTag,'stationForge') or contains(@modTag,'toolAnvil') or contains(@modTag,'toolForgeCrucible') or contains(@modTag,'toolAndDieSet')]" name="craft_area">
    forge
  </setattribute>
  <setattribute xpath="/recipes/recipe[contains(@modTag,'stationForge') or contains(@modTag,'toolAnvil') or contains(@modTag,'toolForgeCrucible') or contains(@modTag,'toolAndDieSet')]" name="material_based">
    true
  </setattribute>

  <!-- New craft_area -->
  <setattribute xpath="/recipes/recipe[contains(@modTag,'stationWoodGrill') or contains(@modTag,'toolTongs') or contains(@modTag,'toolSpatula') or contains(@modTag,'toolDutchOven')]" name="craft_area">
    Wood Grill
  </setattribute>
  <setattribute xpath="/recipes/recipe[contains(@modTag,'stationKitchenAid') or contains(@modTag,'toolDoughHook') or contains(@modTag,'toolVeggie') or contains(@modTag,'toolIcecream') or contains(@modTag,'toolMeatGrinder') or contains(@modTag,'toolGrainMiller') or contains(@modTag,'toolPastaHelper')]" name="craft_area">
    KitchNaid
  </setattribute>
  <setattribute xpath="/recipes/recipe[contains(@modTag,'toolCookingPot') or contains(@modTag,'toolFrying') or contains(@modTag,'toolWok')]" name="craft_area">
    Gas Cooktop
  </setattribute>
  <setattribute xpath="/recipes/recipe[contains(@modTag,'toolBakingSheet') or contains(@modTag,'toolPizza') or contains(@modTag,'toolPyrex')]" name="craft_area">
    Gas Oven
  </setattribute>
  <setattribute xpath="/recipes/recipe[contains(@modTag,'toolMat') or contains(@modTag,'toolHanger') or contains(@modTag,'toolRack')]" name="craft_area">
    Smoker
  </setattribute>
  <setattribute xpath="/recipes/recipe[contains(@modTag,'toolMasher') or contains(@modTag,'toolBoiler') or contains(@modTag,'toolStill')]" name="craft_area">
    Brew Cooker
  </setattribute>
  <setattribute xpath="/recipes/recipe[contains(@modTag,'toolCarboy') or contains(@modTag,'toolWineTank') or contains(@modTag,'toolSpiritsVat') or contains(@modTag,'toolWineFilter') or contains(@modTag,'toolOakBarrel') or contains(@modTag,'toolAgedOakBarrel') or contains(@modTag,'toolCorker') or contains(@modTag,'toolCapper') or contains(@modTag,'toolMixingCask')]" name="craft_area">
    Brew Station
  </setattribute>

  <!-- Vanilla craft_tool -->
  <setattribute xpath="/recipes/recipe[contains(@modTag,'toolAnvil')]" name="craft_tool">
    toolAnvil
  </setattribute>
  <setattribute xpath="/recipes/recipe[contains(@modTag,'toolForgeCrucible')]" name="craft_tool">
    toolForgeCrucible
  </setattribute>
  <setattribute xpath="/recipes/recipe[contains(@modTag,'toolAndDieSet')]" name="craft_tool">
    toolAndDieSet
  </setattribute>

  <!-- New craft_tool -->
  <setattribute xpath="/recipes/recipe[contains(@modTag,'toolTongs')]" name="craft_tool">
    Tongs
  </setattribute>
  <setattribute xpath="/recipes/recipe[contains(@modTag,'toolSpatula')]" name="craft_tool">
    Spatula
  </setattribute>
  <setattribute xpath="/recipes/recipe[contains(@modTag,'toolDutchOven')]" name="craft_tool">
    Ceramic Dutch Oven
  </setattribute>

  <setattribute xpath="/recipes/recipe[contains(@modTag,'toolDoughHook')]" name="craft_tool">
    Dough Hook
  </setattribute>
  <setattribute xpath="/recipes/recipe[contains(@modTag,'toolVeggie')]" name="craft_tool">
    Veggie Attachment
  </setattribute>
  <setattribute xpath="/recipes/recipe[contains(@modTag,'toolIcecream')]" name="craft_tool">
    Ice Cream Bowl
  </setattribute>
  <setattribute xpath="/recipes/recipe[contains(@modTag,'toolMeatGrinder')]" name="craft_tool">
    Meat Grinder
  </setattribute>
  <setattribute xpath="/recipes/recipe[contains(@modTag,'toolGrainMiller')]" name="craft_tool">
    Grain Miller
  </setattribute>
  <setattribute xpath="/recipes/recipe[contains(@modTag,'toolPastaHelper')]" name="craft_tool">
    Pasta Helper
  </setattribute>

  <setattribute xpath="/recipes/recipe[contains(@modTag,'toolCookingPot')]" name="craft_tool">
    toolCookingPot
  </setattribute>
  <setattribute xpath="/recipes/recipe[contains(@modTag,'toolFrying')]" name="craft_tool">
    Frying Pan
  </setattribute>
  <setattribute xpath="/recipes/recipe[contains(@modTag,'toolWok')]" name="craft_tool">
    Wok
  </setattribute>

  <setattribute xpath="/recipes/recipe[contains(@modTag,'toolBakingSheet')]" name="craft_tool">
    Baking Sheet
  </setattribute>
  <setattribute xpath="/recipes/recipe[contains(@modTag,'toolPizza')]" name="craft_tool">
    Pizza Stone
  </setattribute>
  <setattribute xpath="/recipes/recipe[contains(@modTag,'toolPyrex')]" name="craft_tool">
    PyreX Bakeware
  </setattribute>

  <setattribute xpath="/recipes/recipe[contains(@modTag,'toolMat')]" name="craft_tool">
    Smoker Mat
  </setattribute>
  <setattribute xpath="/recipes/recipe[contains(@modTag,'toolHanger')]" name="craft_tool">
    Meat Hanger
  </setattribute>
  <setattribute xpath="/recipes/recipe[contains(@modTag,'toolRack')]" name="craft_tool">
    Turkey Rack
  </setattribute>

  <setattribute xpath="/recipes/recipe[contains(@modTag,'toolMasher')]" name="craft_tool">
    Masher
  </setattribute>
  <setattribute xpath="/recipes/recipe[contains(@modTag,'toolBoiler')]" name="craft_tool">
    Boiler
  </setattribute>
  <setattribute xpath="/recipes/recipe[contains(@modTag,'toolStill')]" name="craft_tool">
    Still
  </setattribute>

  <setattribute xpath="/recipes/recipe[contains(@modTag,'toolCarboy')]" name="craft_tool">
    Carboy
  </setattribute>
  <setattribute xpath="/recipes/recipe[contains(@modTag,'toolWineTank')]" name="craft_tool">
    Wine Tank
  </setattribute>
  <setattribute xpath="/recipes/recipe[contains(@modTag,'toolSpiritsVat')]" name="craft_tool">
    Spirits Vat
  </setattribute>
  <setattribute xpath="/recipes/recipe[contains(@modTag,'toolWineFilter')]" name="craft_tool">
    Wine Filter
  </setattribute>
  <setattribute xpath="/recipes/recipe[contains(@modTag,'toolOakBarrel')]" name="craft_tool">
    Oak Barrel
  </setattribute>
  <setattribute xpath="/recipes/recipe[contains(@modTag,'toolAgedOakBarrel')]" name="craft_tool">
    Aged Oak Barrel
  </setattribute>
  <setattribute xpath="/recipes/recipe[contains(@modTag,'toolCorker')]" name="craft_tool">
    Floor Corker
  </setattribute>
  <setattribute xpath="/recipes/recipe[contains(@modTag,'toolCapper')]" name="craft_tool">
    Bottle Capper
  </setattribute>
  <setattribute xpath="/recipes/recipe[contains(@modTag,'toolMixingCask')]" name="craft_tool">
    Mixing Cask
  </setattribute>

  <!-- Update Pens -->
  <setattribute xpath="/recipes/recipe[contains(@modTag,'emptyPen')]" name="count">
    1
  </setattribute>
  <append xpath="/recipes/recipe[contains(@modTag,'emptyPen')]">
    <ingredient name="resourceForgedIron" count="120" />
    <ingredient name="hayBaleBlock" count="4" />
    <ingredient name="Feeding Trough" count="1" />
    <ingredient name="bucketEmpty" count="1" />
  </append>

  <append xpath="/recipes/recipe[contains(@modTag,'recipeQuest')]">
    <ingredient name="resourceCoal" count="1" />
    <ingredient name="resourcePaper" count="1" />
  </append>

</configs>
