<configs>

  <append xpath="/traders/trader_item_groups/trader_item_group[@name='seeds']">
    <item name="Wheat Seed" />
    <item name="Tomato Seed" />
    <item name="Carrot Seed" />
    <item name="Romaine Seed" />
    <item name="Squash Seed" />
    <item name="Broccoli Seed" />
    <item name="Sorghum Seed" />
    <item name="Floral Hop Seed" />
    <item name="Bitter Hop Seed" />
    <item name="Grape Seed" />
    <item name="Apple Seed" />
    <item name="Orange Seed" />
    <item name="Meyer Lemon Seed" />
    <item name="Lime Seed" />
    <item name="Cherry Seed" />
    <item name="Black Pepper Seed" />
    <item name="Powdered Milk" />
    <item name="Salt" />
    <item name="Black Pepper" />
  </append>

</configs>
